"AL001";"Abejuela";"N";37;30;30;"W";1;54;29
"AL002";"Abla";"N";37;8;37;"W";2;46;46
"AL003";"Abrucena";"N";37;8;10;"W";2;47;39
"AL004";"Adra";"N";36;45;10;"W";3;1;16
"AL005";"Agua Amarga";"N";36;56;34;"W";1;56;1
"AL006";"Agua de Medio";"N";37;4;24;"W";1;51;57
"AL007";"Aguadulce";"N";36;49;10;"W";2;33;51
"AL008";"Albanchez";"N";37;17;19;"W";2;10;52
"AL009";"Alboloduy";"N";37;2;23;"W";2;37;10
"AL010";"Albox";"N";37;23;36;"W";2;8;29
"AL011";"Alcaudique";"N";36;50;22;"W";2;56;3
"AL012";"Alcolea";"N";36;58;30;"W";2;57;34
"AL013";"Alcontar";"N";37;20;17;"W";2;35;45
"AL014";"Alcudia de Monteagud";"N";37;14;22;"W";2;15;57
"AL015";"Aldeire";"N";37;18;14;"W";2;34;48
"AL016";"Alfaix";"N";37;8;46;"W";1;57;31
"AL017";"Alhabia";"N";36;59;32;"W";2;35;16
"AL018";"Alhama de Almeria";"N";36;57;37;"W";2;34;8
"AL019";"Alicun";"N";36;58;7;"W";2;36;6
"AL020";"Almadrava de Monteleva";"N";36;45;2;"W";2;12;39
"AL021";"Almajalejo";"N";37;23;25;"W";1;59;36
"AL022";"Almanzora";"N";37;21;6;"W";2;8;5
"AL023";"Almeria";"N";36;50;59;"W";2;27;23
"AL024";"Almerimar";"N";36;41;48;"W";2;46;58
"AL025";"Almocita";"N";37;18;0;"W";2;47;22
"AL026";"Alsodux";"N";37;15;0;"W";2;35;23
"AL027";"Antas";"N";37;14;48;"W";1;55;9
"AL028";"Arboleas";"N";37;21;14;"W";2;4;27
"AL029";"Armuña de Almanzora";"N";37;21;6;"W";2;24;37
"AL030";"Atochares";"N";36;52;59;"W";2;9;43
"AL031";"Aulago";"N";37;9;42;"W";2;37;38
"AL032";"Bacares";"N";37;15;46;"W";2;27;12
"AL033";"Balanegra";"N";36;45;3;"W";2;54;11
"AL034";"Balerma";"N";36;43;59;"W";2;53;8
"AL035";"Bayarcal";"N";37;1;59;"W";2;59;40
"AL036";"Bayarque";"N";37;19;50;"W";2;26;0
"AL037";"Bedar";"N";37;11;30;"W";1;58;52
"AL038";"Beires";"N";37;53;0;"W";2;47;25
"AL039";"Belaimi";"N";37;35;43;"W";2;7;17
"AL040";"Benahadux";"N";36;55;35;"W";2;27;24
"AL041";"Benecid";"N";36;59;29;"W";2;51;31
"AL042";"Beninar";"N";36;53;5;"W";3;1;13
"AL043";"Benitagla";"N";37;13;59;"W";2;14;15
"AL044";"Benitofare";"N";37;14;47;"W";2;17;31
"AL045";"Benizalón";"N";37;12;53;"W";2;14;24
"AL046";"Bentarique";"N";36;59;26;"W";2;37;14
"AL047";"Berja";"N";36;50;50;"W";2;56;53
"AL048";"Bolaimi";"N";37;35;59;"W";2;6;12
"AL049";"Bujulu";"N";37;16;30;"W";1;48;38
"AL050";"Calar Alto";"N";37;13;16;"W";2;32;21
"AL051";"Campico";"N";37;4;4;"W";2;2;50
"AL052";"Campohermoso";"N";36;56;17;"W";2;7;55
"AL053";"Canjayar";"N";37;43;0;"W";2;44;24
"AL054";"Cantoria";"N";37;21;15;"W";2;11;26
"AL055";"Caracuz";"N";36;53;3;"W";2;44;0
"AL056";"Carboneras";"N";37;7;0;"W";1;53;41
"AL057";"Casablanca";"N";37;42;15;"W";2;16;27
"AL058";"Castala";"N";36;53;11;"W";2;55;42
"AL059";"Castel del Rey";"N";36;50;0;"W";2;29;52
"AL060";"Castro de Filabres";"N";37;11;10;"W";2;26;24
"AL061";"Cela";"N";37;22;29;"W";2;26;31
"AL062";"Celin";"N";36;50;5;"W";2;52;13
"AL063";"Chercos";"N";37;16;10;"W";2;15;26
"AL064";"Chiran";"N";36;54;1;"W";2;56;21
"AL065";"Chirivel";"N";37;35;53;"W";2;16;1
"AL066";"Cobdar";"N";37;15;52;"W";2;12;35
"AL067";"Cortijada de Marin";"N";36;45;34;"W";2;39;13
"AL068";"Cortijo de los Callejones";"N";36;52;36;"W";2;26;52
"AL069";"Cuevas de Almanzora";"N";37;18;18;"W";1;52;46
"AL070";"Dalías";"N";36;49;31;"W";2;52;19
"AL071";"Darrical";"N";36;55;14;"W";3;1;39
"AL072";"Doña Maria";"N";37;8;13;"W";2;42;53
"AL073";"El Alhanchete";"N";37;18;44;"W";1;53;2
"AL074";"El Almendral";"N";37;9;34;"W";2;32;22
"AL075";"El Alquian";"N";36;51;18;"W";2;21;18
"AL076";"El Argamason";"N";36;59;54;"W";1;58;13
"AL077";"El Arroyo Aceituno";"N";37;20;34;"W";2;4;3
"AL078";"El Arteal";"N";37;16;30;"W";1;46;45
"AL079";"El Barranco de los Lobos";"N";37;5;24;"W";2;10;31
"AL080";"El Barranquete";"N";36;50;28;"W";2;11;44
"AL081";"El Bobar";"N";36;49;45;"W";2;24;29
"AL082";"El Cabo de Gata";"N";36;46;56;"W";2;14;28
"AL083";"El Cantal";"N";37;32;10;"W";2;12;47
"AL084";"El Cercado";"N";37;41;32;"W";2;2;54
"AL085";"El Chaparral Bajo";"N";37;28;57;"W";2;23;14
"AL086";"El Chive";"N";37;10;47;"W";2;4;23
"AL087";"El Chuche";"N";36;54;59;"W";2;27;12
"AL088";"El Cid";"N";36;53;11;"W";2;58;24
"AL089";"El Cocon";"N";37;24;25;"W";1;40;20
"AL090";"El Contador";"N";37;35;28;"W";2;21;41
"AL091";"El Ejido";"N";36;46;40;"W";2;49;9
"AL092";"El Hijate";"N";37;23;52;"W";2;35;24
"AL093";"El Jali";"N";37;34;42;"W";2;14;29
"AL094";"El Largo";"N";37;20;16;"W";1;46;2
"AL095";"El Llano de Don Antonio";"N";37;4;0;"W";1;55;56
"AL096";"El Marchal";"N";37;12;53;"W";2;1;31
"AL097";"El Margen";"N";37;31;37;"W";2;13;54
"AL098";"El Mayordomo";"N";37;7;24;"W";2;7;15
"AL099";"El Palmer";"N";36;49;29;"W";2;32;7
"AL100";"El Parador";"N";36;48;37;"W";2;35;59
"AL101";"El Pardo";"N";36;46;25;"W";2;57;49
"AL102";"El Piar de Abajo";"N";37;40;28;"W";2;1;17
"AL103";"El Pilar";"N";37;11;30;"W";2;5;53
"AL104";"El Pocico";"N";37;14;31;"W";2;2;27
"AL105";"El Pozo de los Frailes";"N";36;47;34;"W";2;6;33
"AL106";"El Pozo del Esparto";"N";37;20;15;"W";1;41;33
"AL107";"El Puente del Rio";"N";36;45;28;"W";2;59;8
"AL108";"El Puertecito";"N";37;30;57;"W";1;59;1
"AL109";"El Puntal";"N";37;10;23;"W";2;7;51
"AL110";"El Puntal";"N";37;28;37;"W";2;21;40
"AL111";"El Real";"N";37;15;46;"W";1;54;45
"AL112";"El Retamar";"N";36;50;20;"W";2;18;50
"AL113";"El Rio Chico";"N";36;49;2;"W";2;59;24
"AL114";"El Rio Grande";"N";36;49;21;"W";3;1;33
"AL115";"El Romeral";"N";36;45;20;"W";2;8;20
"AL116";"El Salvador";"N";37;24;20;"W";1;54;35
"AL117";"El Solanillo";"N";36;44;22;"W";2;39;39
"AL118";"El Viso";"N";36;52;52;"W";2;12;18
"AL119";"Enix";"N";36;52;46;"W";2;36;3
"AL120";"Escullar";"N";37;10;50;"W";2;44;3
"AL121";"Felix";"N";36;52;6;"W";2;39;28
"AL122";"Fernan Perez";"N";36;54;48;"W";2;4;8
"AL123";"Fines";"N";37;21;44;"W";2;16;2
"AL124";"Fiñana";"N";37;10;20;"W";2;50;23
"AL125";"Fondon";"N";36;58;54;"W";2;51;22
"AL126";"Fuente Victoria";"N";36;59;15;"W";2;52;33
"AL127";"Gador";"N";36;57;17;"W";2;29;23
"AL128";"Gafares";"N";37;39;0;"W";1;58;50
"AL129";"Gafarrillos";"N";37;3;33;"W";2;1;10
"AL130";"Gangosa Vistasol";"N";36;48;27;"W";2;38;16
"AL131";"Garcia";"N";37;25;15;"W";1;49;18
"AL132";"Garrucha";"N";37;11;15;"W";1;49;10
"AL133";"Gergal";"N";37;7;9;"W";2;32;30
"AL134";"Goñar";"N";37;29;37;"W";1;52;25
"AL135";"Guainos Bajos";"N";36;45;2;"W";3;4;24
"AL136";"Guardias Viejas";"N";36;42;14;"W";2;50;31
"AL137";"Guarros";"N";37;30;0;"W";2;57;15
"AL138";"Guazamara";"N";37;21;1;"W";1;46;42
"AL139";"Higueral";"N";37;23;12;"W";2;29;54
"AL140";"Hirmes";"N";36;53;42;"W";2;59;55
"AL141";"Hortichuelas";"N";36;52;29;"W";2;1;42
"AL142";"Huebro";"N";36;59;19;"W";2;13;19
"AL143";"Huecija";"N";36;58;10;"W";2;36;30
"AL144";"Huercal Overa";"N";37;23;33;"W";1;56;28
"AL145";"Huercal de Almeria";"N";36;53;15;"W";2;26;14
"AL146";"Illar";"N";36;59;14;"W";2;38;19
"AL147";"Instincion";"N";36;59;51;"W";2;39;35
"AL148";"Jauca Alta";"N";37;25;22;"W";2;33;42
"AL149";"Jauro";"N";37;13;11;"W";2;10;0
"AL150";"La Alcazaba";"N";36;45;9;"W";3;5;38
"AL151";"La Alfahuara";"N";37;42;28;"W";2;14;48
"AL152";"La Alfoquia";"N";37;21;21;"W";2;2;27
"AL153";"La Alqueria";"N";36;46;45;"W";3;14;0
"AL154";"La Aspilla";"N";37;34;6;"W";2;19;35
"AL155";"La Barriada de Alcora";"N";36;59;24;"W";2;44;5
"AL156";"La Cañada de Cañepla";"N";37;47;52;"W";2;17;5
"AL157";"La Cañada de San Urbano";"N";36;50;40;"W";2;24;29
"AL158";"La Carrasca";"N";37;5;34;"W";1;56;30
"AL159";"La Cueva del Pájaro";"N";37;2;16;"W";1;57;30
"AL160";"La Estación";"N";37;6;39;"W";2;35;27
"AL161";"La Estación";"N";37;11;10;"W";2;50;20
"AL162";"La Fabriquilla";"N";36;44;42;"W";2;12;17
"AL163";"La Fuensanta";"N";37;30;59;"W";1;57;17
"AL164";"La Fuente";"N";36;45;48;"W";3;3;30
"AL165";"La Fuente";"N";37;23;41;"W";1;45;0
"AL166";"La Fuente de la Higuera";"N";37;10;17;"W";2;14;28
"AL167";"La Fuente del Negro";"N";37;29;15;"W";2;21;59
"AL168";"La Garrofa";"N";36;49;52;"W";2;30;49
"AL169";"La Herradura";"N";37;2;51;"W";2;9;0
"AL170";"La Hoya";"N";37;28;27;"W";2;5;0
"AL171";"La Huelga";"N";37;7;1;"W";2;44;0
"AL172";"La Isleta";"N";36;49;27;"W";2;2;39
"AL173";"La Islica";"N";37;1;3;"W";1;55;16
"AL174";"La Mela";"N";37;9;56;"W";2;6;32
"AL175";"La Mojonera";"N";36;45;24;"W";2;40;54
"AL176";"La Muleria";"N";37;17;18;"W";1;47;33
"AL177";"La Parata";"N";37;25;21;"W";1;59;45
"AL178";"La Parra";"N";36;47;2;"W";3;4;1
"AL179";"La Peñarrodada";"N";36;51;59;"W";2;58;18
"AL180";"La Perulera";"N";37;26;22;"W";2;44;0
"AL181";"La Portilla";"N";37;17;34;"W";1;51;58
"AL182";"La Rambla Algibe";"N";37;15;57;"W";2;2;44
"AL183";"La Rambla Honda";"N";37;2;6;"W";2;10;23
"AL184";"La Ribera de la Algaida";"N";36;47;57;"W";2;35;33
"AL185";"La Serena";"N";37;10;38;"W";1;59;17
"AL186";"La Yegua Baja";"N";37;32;48;"W";2;13;47
"AL187";"Laroya";"N";37;17;55;"W";2;19;40
"AL188";"Las Alcubillas";"N";37;5;33;"W";2;34;59
"AL189";"Las Aneas";"N";37;8;57;"W";2;32;13
"AL190";"Las Cabreras";"N";37;32;38;"W";2;52;0
"AL191";"Las Carboneras";"N";37;17;21;"W";2;37;39
"AL192";"Las Casas";"N";37;38;17;"W";2;10;29
"AL193";"Las Covatillas";"N";37;53;41;"W";2;13;8
"AL194";"Las Cuevas de los Medinas";"N";36;53;38;"W";2;16;47
"AL195";"Las Cuevas de los Ubedas";"N";36;55;46;"W";2;17;49
"AL196";"Las Cunas";"N";37;16;27;"W";1;50;24
"AL197";"Las Cupillas";"N";37;18;25;"W";1;52;18
"AL198";"Las Herrerias";"N";37;6;19;"W";2;1;36
"AL199";"Las Herrerias";"N";37;16;30;"W";1;46;45
"AL200";"Las Huevanillas";"N";37;18;34;"W";2;5;32
"AL201";"Las Menas";"N";37;17;23;"W";2;30;54
"AL202";"Las Menas";"N";37;21;15;"W";1;59;38
"AL203";"Las Minas";"N";36;55;41;"W";2;32;15
"AL204";"Las Negras";"N";36;52;54;"W";2;21;0
"AL205";"Las Norias";"N";36;45;35;"W";2;44;22
"AL206";"Las Norias";"N";37;27;44;"W";1;51;24
"AL207";"Las Pocicas";"N";37;28;12;"W";2;8;57
"AL208";"Las Salinas";"N";36;44;14;"W";2;38;25
"AL209";"Laujar de Andarax";"N";36;59;42;"W";2;53;29
"AL210";"Lijar";"N";37;17;50;"W";2;13;8
"AL211";"Llano del Espino";"N";37;26;3;"W";2;10;28
"AL212";"Llanos de los Olleres";"N";37;25;41;"W";2;9;46
"AL213";"Loma del Bosque";"N";36;46;3;"W";2;45;37
"AL214";"Los Alamos";"N";37;32;38;"W";2;19;37
"AL215";"Los Albaricoques";"N";36;51;4;"W";2;7;16
"AL216";"Los Castaños";"N";37;8;49;"W";2;2;44
"AL217";"Los Cerricos";"N";37;32;10;"W";2;12;7
"AL218";"Los Chacones";"N";37;28;10;"W";2;12;28
"AL219";"Los Clementes";"N";36;49;25;"W";3;4;24
"AL220";"Los Escuderos";"N";36;46;1;"W";3;6;54
"AL221";"Los Escullos";"N";36;49;4;"W";2;3;8
"AL222";"Los Gallardos";"N";37;10;18;"W";1;56;22
"AL223";"Los Gateros";"N";37;29;8;"W";2;1;55
"AL224";"Los Gazquez";"N";37;33;15;"W";1;57;22
"AL225";"Los Giles";"N";37;8;5;"W";2;8;0
"AL226";"Los Javielos";"N";37;10;20;"W";2;2;44
"AL227";"Los Jimenez";"N";36;52;25;"W";2;7;6
"AL228";"Los Lobos";"N";37;18;34;"W";1;45;52
"AL229";"Los Martinez";"N";36;52;34;"W";2;6;8
"AL230";"Los Molinas";"N";37;16;30;"W";2;7;52
"AL231";"Los Moras";"N";36;47;21;"W";3;6;31
"AL232";"Los Nietos";"N";36;53;18;"W";2;10;56
"AL233";"Los Pardos";"N";37;30;12;"W";2;3;36
"AL234";"Los Perales";"N";37;5;32;"W";2;3;4
"AL235";"Los Perez";"N";36;48;23;"W";3;4;35
"AL236";"Los Santos";"N";37;15;40;"W";2;36;22
"AL237";"Los Tonosas";"N";37;35;52;"W";2;2;51
"AL238";"Los Utreras";"N";37;17;3;"W";2;8;11
"AL239";"Lubrin";"N";37;13;4;"W";2;3;57
"AL240";"Lucainena";"N";36;56;40;"W";3;1;24
"AL241";"Lucainena de las Torres";"N";37;2;37;"W";2;12;1
"AL242";"Lucar";"N";37;24;7;"W";2;25;22
"AL243";"Macael";"N";37;20;8;"W";2;18;6
"AL244";"Maria";"N";37;42;39;"W";2;9;53
"AL245";"Marraque";"N";36;56;24;"W";2;26;55
"AL246";"Matagorda";"N";36;43;6;"W";2;50;31
"AL247";"Mojacar";"N";37;8;29;"W";1;50;59
"AL248";"Monsul";"N";36;44;12;"W";2;8;59
"AL249";"Nacimiento";"N";37;6;30;"W";2;38;58
"AL250";"Nijar";"N";36;58;4;"W";2;12;19
"AL251";"Ocaña";"N";37;7;49;"W";2;43;40
"AL252";"Ohanes";"N";37;2;26;"W";2;44;41
"AL253";"Olula de Castro";"N";37;10;30;"W";2;28;34
"AL254";"Olula del Rio";"N";37;21;34;"W";2;17;53
"AL255";"Oria";"N";37;29;7;"W";2;17;5
"AL256";"Padules";"N";36;59;58;"W";2;46;20
"AL257";"Palomares";"N";37;14;48;"W";1;47;43
"AL258";"Pampanico";"N";36;47;14;"W";2;49;59
"AL259";"Partaloa";"N";37;24;28;"W";2;13;40
"AL260";"Paterna del Rio";"N";37;1;26;"W";2;57;9
"AL261";"Paulenca";"N";36;57;41;"W";2;29;23
"AL262";"Pechina";"N";36;55;3;"W";2;26;37
"AL263";"Pilacon";"N";37;23;45;"W";2;36;35
"AL264";"Pilar de Jaravia";"N";37;23;35;"W";1;41;28
"AL265";"Polopos";"N";37;1;40;"W";2;4;46
"AL266";"Pozo de la Higuera";"N";37;26;38;"W";1;44;13
"AL267";"Puebla de Vicar";"N";36;47;59;"W";2;39;14
"AL268";"Pueblo Blanco";"N";36;54;43;"W";2;7;57
"AL269";"Puerto del Rey";"N";37;12;17;"W";1;48;48
"AL270";"Pulpi";"N";37;24;48;"W";1;44;42
"AL271";"Purchena";"N";37;21;2;"W";2;21;41
"AL272";"Ragol";"N";36;59;54;"W";2;40;58
"AL273";"Rambla de Morales";"N";36;48;53;"W";2;14;13
"AL274";"Rioja";"N";36;56;51;"W";2;27;51
"AL275";"Rodalquilar";"N";36;50;57;"W";2;2;30
"AL276";"Roquetas de Mar";"N";36;45;57;"W";2;36;59
"AL277";"Saladar Y Leche";"N";36;57;52;"W";2;5;46
"AL278";"San Agustin";"N";36;43;2;"W";2;41;21
"AL279";"San Francisco";"N";37;25;28;"W";1;52;51
"AL280";"San Isidro de Nijar";"N";36;54;28;"W";2;10;29
"AL281";"San Jose";"N";36;46;1;"W";2;6;37
"AL282";"San Juan de los Terreros";"N";37;21;39;"W";1;39;16
"AL283";"San Roque";"N";36;50;26;"W";2;58;6
"AL284";"Santa Barbara";"N";37;21;16;"W";1;57;40
"AL285";"Santa Cruz de Marchena";"N";37;1;10;"W";2;35;58
"AL286";"Santa Fe de Mondujar";"N";36;58;33;"W";2;31;56
"AL287";"Santa Maria de Nieva";"N";37;28;8;"W";1;59;11
"AL288";"Santa Maria del Aguila";"N";36;46;53;"W";2;46;37
"AL289";"Santillana";"N";37;5;59;"W";2;43;29
"AL290";"Santopetar";"N";37;27;28;"W";2;2;20
"AL291";"Senes";"N";37;12;22;"W";2;20;49
"AL292";"Seron";"N";37;20;50;"W";2;30;36
"AL293";"Sierro";"N";37;19;22;"W";2;23;48
"AL294";"Somontin";"N";37;23;38;"W";2;23;18
"AL295";"Sorbas";"N";37;5;58;"W";2;7;22
"AL296";"Sufli";"N";37;20;32;"W";2;23;29
"AL297";"Tabernas";"N";37;3;13;"W";2;23;24
"AL298";"Taberno";"N";37;28;10;"W";2;4;37
"AL299";"Tahal";"N";37;13;46;"W";2;17;4
"AL300";"Tarambana";"N";36;46;0;"W";2;51;46
"AL301";"Terque";"N";36;59;22;"W";2;35;50
"AL302";"Tices";"N";37;4;10;"W";2;44;16
"AL303";"Tijola";"N";37;20;52;"W";2;26;12
"AL304";"Toperas";"N";37;51;46;"W";2;13;48
"AL305";"Turre";"N";37;9;18;"W";1;53;38
"AL306";"Turrillas";"N";37;1;54;"W";2;15;46
"AL307";"Urcal";"N";37;28;11;"W";1;55;5
"AL308";"Urracal";"N";37;23;51;"W";2;21;51
"AL309";"Velefique";"N";37;11;39;"W";2;24;8
"AL310";"Velez Blanco";"N";37;41;31;"W";2;5;44
"AL311";"Velez Rubio";"N";37;38;58;"W";2;4;19
"AL312";"Venta de los Yesos";"N";37;5;11;"W";2;17;29
"AL313";"Venta del Pobre";"N";36;59;39;"W";2;4;32
"AL314";"Venta del Viso";"N";36;47;51;"W";2;41;54
"AL315";"Venta Gaspar";"N";36;52;11;"W";2;23;9
"AL316";"Vera";"N";37;14;55;"W";1;52;12
"AL317";"Viator";"N";36;53;23;"W";2;25;34
"AL318";"Vicar";"N";36;50;8;"W";2;38;34
"AL319";"Villaricos";"N";37;15;17;"W";1;46;12
"AL320";"Zurgena";"N";37;20;37;"W";2;2;23
"CA001";"Alcalá de los Gazules";"N";36;27;55;"W";5;43;19
"CA002";"Alcalá del Valle";"N";36;54;28;"W";5;10;24
"CA003";"Algar";"N";36;39;29;"W";5;39;19
"CA004";"Algeciras";"N";36;8;19;"W";5;27;1
"CA005";"Algodonales";"N";36;52;57;"W";5;24;19
"CA006";"Arcos de la Frontera";"N";36;45;9;"W";5;48;35
"CA007";"Aziscar";"N";36;11;46;"W";5;42;59
"CA008";"Barbate";"N";36;11;38;"W";5;55;10
"CA009";"Barelo";"N";36;15;8;"W";5;52;58
"CA010";"Barrio Nuevo";"N";36;20;25;"W";6;4;23
"CA011";"Benalup";"N";36;20;47;"W";5;48;32
"CA012";"Benamahoma";"N";36;46;6;"W";5;27;53
"CA013";"Benaocaz";"N";36;42;25;"W";5;25;12
"CA014";"Bonanza";"N";36;48;11;"W";6;20;10
"CA015";"Bornos";"N";36;49;19;"W";5;44;32
"CA016";"Cádiz";"N";36;31;23;"W";6;16;57
"CA017";"Campano";"N";36;21;38;"W";6;7;59
"CA018";"Cantarranas";"N";36;19;26;"W";5;52;40
"CA019";"Casa de Postas";"N";36;17;50;"W";6;4;14
"CA020";"Caserío de San Bernardino";"N";36;55;15;"W";5;47;58
"CA021";"Castellar de la Frontera";"N";36;17;17;"W";5;24;56
"CA022";"Castillo de Castellar";"N";36;19;37;"W";5;27;4
"CA023";"Chiclana";"N";36;25;21;"W";6;8;48
"CA024";"Chipiona";"N";36;44;8;"W";6;25;45
"CA025";"Conil de la Frontera";"N";36;16;41;"W";6;5;10
"CA026";"Cortijo Cápita";"N";36;50;51;"W";6;7;4
"CA027";"Cortijo de Albalate";"N";36;14;38;"W";5;22;32
"CA028";"Cortijo de Alíjar";"N";36;44;9;"W";6;17;22
"CA029";"Cortijo de la Chirigota";"N";36;58;17;"W";5;39;17
"CA030";"Cortijo de los Pozuelos";"N";36;56;28;"W";5;37;17
"CA031";"Cortijo de Puertollano";"N";36;53;26;"W";5;42;26
"CA032";"Cortijo de Tierras Nuevas";"N";36;51;14;"W";5;33;34
"CA033";"Cortijo la Alcaria";"N";36;38;31;"W";5;30;56
"CA034";"Cortijo las Cobatillas";"N";36;25;9;"W";5;47;5
"CA035";"Doña Blanca";"N";36;36;51;"W";6;9;52
"CA036";"El Acebuchal";"N";36;9;57;"W";5;45;59
"CA037";"El Almarchal";"N";36;8;47;"W";5;48;18
"CA038";"El Berrueco";"N";36;27;12;"W";6;2;39
"CA039";"El Bosque";"N";36;45;44;"W";5;30;13
"CA040";"El Colorado";"N";36;20;34;"W";6;5;33
"CA041";"El Gastor";"N";36;51;26;"W";5;19;24
"CA042";"El Jautor";"N";36;20;57;"W";5;37;50
"CA043";"El Lentiscar";"N";36;5;24;"W";5;45;49
"CA044";"El Morisco";"N";36;54;51;"W";5;44;13
"CA045";"El Palmar";"N";36;13;40;"W";6;3;45
"CA046";"El Parralejo";"N";36;18;14;"W";5;58;43
"CA047";"El Pelayo";"N";36;5;56;"W";5;27;55
"CA048";"El Portal";"N";36;38;26;"W";6;8;1
"CA049";"El Puerto de Santa María";"N";36;36;10;"W";6;13;35
"CA050";"El Rinconcillo";"N";36;9;2;"W";5;28;17
"CA051";"Espera";"N";36;52;25;"W";5;48;21
"CA052";"Facinas";"N";36;8;42;"W";5;42;2
"CA053";"Gibalgín";"N";36;50;15;"W";5;54;57
"CA054";"Grazalema";"N";36;45;44;"W";5;22;9
"CA055";"Guadalcacín";"N";36;42;45;"W";6;5;10
"CA056";"Guadarranque";"N";36;11;12;"W";5;24;38
"CA057";"Guadiaro";"N";36;18;7;"W";5;18;27
"CA058";"Jandilla";"N";36;16;23;"W";5;53;34
"CA059";"Jarana";"N";36;30;46;"W";6;8;34
"CA060";"Jédula";"N";36;43;40;"W";5;55;59
"CA061";"Jerez de la Frontera";"N";36;41;34;"W";6;8;3
"CA062";"Jimena de la Frontera";"N";36;26;16;"W";5;27;11
"CA063";"Juncales";"N";36;55;9;"W";5;25;33
"CA064";"Junta de los Ríos";"N";36;42;9;"W";5;51;45
"CA065";"La Algaida";"N";36;49;21;"W";6;19;50
"CA066";"La Almoraina";"N";36;16;52;"W";5;25;48
"CA067";"La Barrosa";"N";36;22;30;"W";6;10;31
"CA068";"La Estación";"N";36;13;17;"W";5;25;45
"CA069";"La Jara";"N";36;45;40;"W";6;23;55
"CA070";"La Jarda";"N";36;36;1;"W";5;34;41
"CA071";"La Línea de la Concepción";"N";36;10;21;"W";5;20;48
"CA072";"La Mata";"N";36;37;32;"W";6;18;33
"CA073";"La Muela";"N";36;55;54;"W";5;24;43
"CA074";"La Muela de Vejer";"N";36;16;19;"W";5;59;25
"CA075";"La Parra";"N";36;45;3;"W";6;4;0
"CA076";"La Zarzuela";"N";36;10;14;"W";5;48;58
"CA077";"Las Lomas";"N";36;18;29;"W";5;52;52
"CA078";"Libreros";"N";36;16;54;"W";5;55;49
"CA079";"Los Ángeles";"N";36;25;16;"W";5;26;7
"CA080";"Los Baladejos";"N";36;22;34;"W";5;52;34
"CA081";"Los Barrios";"N";36;11;14;"W";5;29;34
"CA082";"Los Caños de Meca";"N";36;11;11;"W";6;21;0
"CA083";"Los Naveros";"N";36;21;45;"W";5;58;30
"CA084";"Marchenilla";"N";36;23;34;"W";5;25;22
"CA085";"Matagorda";"N";36;31;3;"W";6;14;47
"CA086";"Medina Sidonia";"N";36;27;48;"W";5;55;40
"CA087";"Mesas de Asta";"N";36;47;6;"W";6;10;25
"CA088";"Mesas de Santiago";"N";36;46;6;"W";5;57;2
"CA089";"Molino de Castro";"N";36;27;57;"W";5;38;30
"CA090";"Nueva Jarilla";"N";36;45;25;"W";6;1;59
"CA091";"Olvera";"N";36;56;14;"W";5;15;47
"CA092";"Palmones";"N";36;10;41;"W";5;25;58
"CA093";"Paloma Baja";"N";36;4;11;"W";5;43;39
"CA094";"Patrite";"N";36;27;54;"W";5;40;30
"CA095";"Pedregosillo";"N";36;24;39;"W";5;49;35
"CA096";"Pozo Amargo";"N";37;1;34;"W";5;25;57
"CA097";"Prado del Rey";"N";36;47;20;"W";5;33;33
"CA098";"Puente Mayorga";"N";36;10;59;"W";5;23;15
"CA099";"Puerto Real";"N";36;32;5;"W";6;11;0
"CA100";"Puerto Serrano";"N";36;55;36;"W";5;32;41
"CA101";"Rota";"N";36;37;29;"W";6;21;43
"CA102";"San Enrique";"N";36;18;28;"W";5;17;23
"CA103";"San Fernando";"N";36;28;13;"W";6;11;51
"CA104";"San José de Malcocinado";"N";36;21;44;"W";5;52;11
"CA105";"San Martín del Tesorillo";"N";36;20;32;"W";5;19;8
"CA106";"San Roque";"N";36;12;49;"W";5;23;17
"CA107";"Sancti Petri";"N";36;23;40;"W";6;12;19
"CA108";"Sanlúcar de Barrameda";"N";36;46;58;"W";6;21;4
"CA109";"Setenil";"N";36;52;0;"W";5;10;44
"CA110";"Sotogrande";"N";36;17;14;"W";5;18;18
"CA111";"Tahivilla";"N";36;11;5;"W";5;45;32
"CA112";"Taraguilla";"N";36;12;36;"W";5;25;21
"CA113";"Tarifa";"N";36;1;4;"W";5;35;56
"CA114";"Torre Alhaquime";"N";36;55;2;"W";5;14;2
"CA115";"Torre del Puerco";"N";36;20;31;"W";6;9;36
"CA116";"Torre Nueva";"N";36;14;9;"W";6;4;10
"CA117";"Trebujena";"N";36;52;10;"W";6;10;28
"CA118";"Ubrique";"N";36;40;45;"W";5;26;45
"CA119";"Valdelagrana";"N";36;34;58;"W";6;13;22
"CA120";"Vejer de la Frontera";"N";36;15;10;"W";5;57;58
"CA121";"Villamartín";"N";36;51;50;"W";5;38;40
"CA122";"Villanueva del Rosario";"N";36;41;51;"W";5;23;5
"CA123";"Zahara";"N";36;50;26;"W";5;23;18
"CA124";"Zahara de los Atunes";"N";36;8;17;"W";5;50;35
"CO001";"Adamuz";"N";38;01;51;"W";4;31;26
"CO002";"Aguilar de la Frontera";"N";37;31;08;"W";4;39;28
"CO003";"Albendín";"N";37;40;18;"W";4;14;09
"CO004";"Alcaracejos";"N";38;23;16;"W";4;57;59
"CO005";"Alcolea";"N";37;56;06;"W";4;40;21
"CO006";"Aldea Quintana";"N";37;42;42;"W";4;52;16
"CO007";"Algallarín";"N";38;00;05;"W";4;27;15
"CO008";"Almedinilla";"N";37;26;37;"W";4;05;09
"CO009";"Almodóvar del Río";"N";37;48;55;"W";5;01;18
"CO010";"Añora";"N";38;24;42;"W";4;53;58
"CO011";"Argallón";"N";38;12;12;"W";5;29;09
"CO012";"Azuel";"N";38;19;36;"W";4;19;42
"CO013";"Baena";"N";37;37;09;"W";4;19;27
"CO014";"Belalcázar";"N";38;34;38;"W";5;09;59
"CO015";"Belmez";"N";38;16;33;"W";5;12;27
"CO016";"Bembézar";"N";37;47;52;"W";5;13;59
"CO017";"Benamejí";"N";37;16;16;"W";4;32;23
"CO018";"Bujalance";"N";37;53;44;"W";4;22;43
"CO019";"Cabra";"N";37;28;25;"W";4;26;12
"CO020";"Campo Nubes";"N";37;32;43;"W";4;09;40
"CO021";"Cañada del Gamo";"N";38;12;27;"W";5;24;18
"CO022";"Cañete de las Torres";"N";37;52;10;"W";4;19;00
"CO023";"Carcabuey";"N";37;26;42;"W";4;16;20
"CO024";"Cardeña";"N";38;16;20;"W";4;19;20
"CO025";"Castil de Campos";"N";37;29;34;"W";4;08;30
"CO026";"Castro del Río";"N";37;41;33;"W";4;28;44
"CO027";"Central Térmica Puente Nuevo";"N";38;06;44;"W";4;56;13
"CO028";"Cerro Muriano";"N";38;00;21;"W";4;46;13
"CO029";"Céspedes";"N";37;45;11;"W";5;15;31
"CO030";"Conquista";"N";38;24;34;"W";4;30;01
"CO031";"Córdoba";"N";37;52;27;"W";4;46;27
"CO032";"Cordobilla";"N";37;21;39;"W";4;43;49
"CO033";"Cuenca";"N";38;19;33;"W";5;33;19
"CO034";"Doña Mencia";"N";37;33;33;"W";4;21;10
"CO035";"Doña Rama";"N";38;13;20;"W";5;16;19
"CO036";"Dos Torres";"N";38;26;41;"W";4;53;42
"CO037";"El Aguila";"N";37;51;36;"W";5;22;30
"CO038";"El Alcornocal";"N";38;10;56;"W";5;19;38
"CO039";"El Arenal";"N";37;38;13;"W";4;34;03
"CO040";"El Cabril";"N";38;04;32;"W";5;24;47
"CO049";"El Calonge";"N";37;40;14;"W";5;23;24
"CO050";"El Cañuelo";"N";37;30;35;"W";4;09;41
"CO051";"El Carpio";"N";37;56;24;"W";4;29;25
"CO053";"El Entredicho";"N";38;12;48;"W";5;12;00
"CO055";"El Fontanar";"N";37;33;33;"W";4;48;10
"CO056";"El Garabato";"N";37;41;02;"W";4;58;40
"CO057";"El Higueral";"N";37;19;15;"W";4;15;17
"CO058";"El Higuerón";"N";37;51;28;"W";4;50;30
"CO061";"El Poleo";"N";37;28;13;"W";4;07;38
"CO065";"El Tejar";"N";37;14;18;"W";4;32;36
"CO066";"El Vacar";"N";38;04;43;"W";4;51;45
"CO067";"El Viso";"N";38;29;11;"W";4;57;26
"CO068";"Encinarejo de Córdoba";"N";37;49;57;"W";4;55;10
"CO069";"Encinas Reales";"N";37;16;32;"W";4;29;14
"CO070";"Espejo";"N";37;40;52;"W";4;33;16
"CO071";"Espiel";"N";38;11;29;"W";5;01;15
"CO072";"Fernán Núñez";"N";37;40;23;"W";4;43;20
"CO073";"Fuente Carretero";"N";37;40;18;"W";5;09;17
"CO074";"Fuente la Lancha";"N";38;25;28;"W";5;02;48
"CO075";"Fuente Obejuna";"N";38;16;03;"W";5;25;13
"CO076";"Fuente Palmera";"N";37;42;23;"W";5;06;12
"CO077";"Fuente Tójar";"N";37;30;42;"W";4;08;39
"CO078";"Fuentes del Conde";"N";37;12;33;"W";4;18;11
"CO080";"Gaena Casas Gallegas";"N";37;25;24;"W";4;22;32
"CO081";"Guadalcázar";"N";37;45;29;"W";4;56;40
"CO082";"Guijo";"N";38;29;49;"W";4;46;51
"CO083";"Hinojosa del Duque";"N";38;30;04;"W";5;08;38
"CO084";"Hornachuelos";"N";37;50;04;"W";5;14;39
"CO085";"Iznájar";"N";37;15;32;"W";4;18;16
"CO087";"Jauja";"N";37;18;13;"W";4;39;18
"CO091";"La Cardenchosa";"N";38;08;53;"W";5;20;54
"CO092";"La Carlota";"N";37;40;33;"W";4;55;57
"CO094";"La Chica Carlota";"N";37;42;08;"W";4;57;03
"CO098";"La Fuencubierta";"N";37;42;38;"W";4;59;25
"CO099";"La Fuente Grande";"N";37;24;40;"W";4;05;36
"CO101";"La Granjuela";"N";38;22;17;"W";5;21;06
"CO102";"La Guijarrosa";"N";37;38;33;"W";4;51;56
"CO106";"La Montiela";"N";37;31;35;"W";4;55;08
"CO109";"La Rambla";"N";37;36;26;"W";4;44;34
"CO111";"La Victoria";"N";37;41;02;"W";4;50;59
"CO113";"Las Higueras";"N";37;28;34;"W";4;06;41
"CO114";"Las Lagunillas";"N";37;21;18;"W";4;14;47
"CO116";"Las Pinedas";"N";37;42;38;"W";4;56;56
"CO117";"Las Quemadas";"N";37;53;30;"W";4;42;54
"CO119";"Llanos de Don Juan";"N";37;24;33;"W";4;24;45
"CO120";"Llanos del Espinar";"N";37;33;53;"W";4;31;30
"CO122";"Lorite";"N";37;19;32;"W";4;17;19
"CO123";"Los Algarbes";"N";37;38;03;"W";4;56;17
"CO126";"Los Blázquez";"N";38;24;33;"W";5;26;18
"CO127";"Los Mochos";"N";37;48;52;"W";4;57;52
"CO128";"Los Morales";"N";37;55;54;"W";4;48;31
"CO129";"Los Morenos";"N";38;08;55;"W";5;21;29
"CO130";"Los Pánchez";"N";38;11;35;"W";5;19;42
"CO133";"Lucena";"N";37;24;49;"W";4;29;04
"CO134";"Luque";"N";37;33;41;"W";4;16;38
"CO135";"Majaneque";"N";37;50;39;"W";4;52;51
"CO136";"Maruanas (2km el Carpio)";"N";37;56;15;"W";4;28;05
"CO137";"Mesas de Guadalora";"N";37;46;51;"W";5;14;19
"CO138";"Montalbán de Córdoba";"N";37;34;50;"W";4;44;58
"CO139";"Monte Alto";"N";37;39;31;"W";4;54;17
"CO140";"Montemayor";"N";37;38;59;"W";4;41;53
"CO141";"Montilla";"N";37;35;19;"W";4;38;29
"CO142";"Montoro";"N";38;01;06;"W";4;22;59
"CO143";"Monturque";"N";37;28;30;"W";4;34;35
"CO146";"Moriles";"N";37;26;22;"W";4;36;33
"CO147";"Navalcuervo";"N";38;12;39;"W";5;18;22
"CO148";"Navas del Selpillar";"N";37;25;23;"W";4;35;07
"CO150";"Nueva Carteya";"N";37;35;14;"W";4;28;02
"CO151";"Obejo";"N";38;08;09;"W";4;48;10
"CO152";"Ochavillo del Río";"N";37;45;24;"W";5;07;57
"CO153";"Ojuelos Altos";"N";38;10;49;"W";5;21;28
"CO154";"Ojuelos Bajos";"N";38;12;00;"W";5;22;46
"CO155";"Palenciana";"N";37;15;03;"W";4;34;50
"CO156";"Palma del Río";"N";37;41;57;"W";5;16;51
"CO158";"Pedro Abad";"N";37;58;03;"W";4;27;20
"CO159";"Pedro Diaz";"N";37;41;35;"W";5;14;11
"CO160";"Pedroche";"N";38;25;52;"W";4;45;45
"CO162";"Peñarroya Pueblonuevo";"N";38;18;22;"W";5;16;23
"CO163";"Piconcillo";"N";38;10;38;"W";5;27;53
"CO164";"Poblado Embalse Bembezar";"N";37;54;20;"W";5;12;12
"CO165";"Posadas";"N";37;48;15;"W";5;06;25
"CO166";"Posadilla";"N";38;11;24;"W";5;16;43
"CO167";"Pozoblanco";"N";38;22;41;"W";4;51;02
"CO168";"Prágdena";"N";37;48;46;"W";4;27;43
"CO169";"Priego de Córdoba";"N";37;26;24;"W";4;11;59
"CO170";"Puente Genil";"N";37;23;35;"W";4;45;58
"CO175";"Ribero de Posadas";"N";37;47;35;"W";5;08;42
"CO176";"Rute";"N";37;19;44;"W";4;22;07
"CO177";"San Sebastian de lo Ballesteros";"N";37;39;19;"W";4;49;20
"CO179";"San Calixto";"N";37;57;05;"W";5;19;07
"CO181";"Santa Cruz";"N";37;44;05;"W";4;37;58
"CO182";"Santa Eufemia";"N";38;35;52;"W";4;54;19
"CO183";"Santa Maria de Trassierra";"N";37;55;40;"W";4;53;38
"CO184";"Santaella";"N";37;34;06;"W";4;50;47
"CO185";"Sileras";"N";37;27;46;"W";4;03;51
"CO186";"Silillos";"N";37;41;43;"W";5;07;38
"CO187";"Sotogordo";"N";37;21;52;"W";4;45;22
"CO188";"Todosaires";"N";37;31;09;"W";4;06;05
"CO189";"Torrecampo";"N";38;28;29;"W";4;40;42
"CO195";"Valenzuela";"N";37;46;43;"W";4;13;10
"CO198";"Venta del Charco";"N";38;12;22;"W";4;16;37
"CO200";"Villa del Rio";"N";37;58;59;"W";4;17;28
"CO201";"Villafranca de Córdoba";"N";37;57;48;"W";4;32;41
"CO202";"Villaharta";"N";38;08;32;"W";4;54;14
"CO204";"Villanueva de Córdoba";"N";38;19;31;"W";4;37;40
"CO205";"Villanueva del Duque";"N";38;23;42;"W";4;49;55
"CO206";"Villanueva del Rey";"N";38;12;08;"W";5;09;09
"CO207";"Villar";"N";37;38;22;"W";5;03;28
"CO208";"Villaralto";"N";38;27;20;"W";4;59;05
"CO209";"Villarrubia";"N";37;51;19;"W";4;54;11
"CO211";"Villaviciosa de Cordoba";"N";38;04;39;"W";5;00;47
"CO212";"Zagrilla";"N";37;29;01;"W";4;14;16
"CO213";"Zambra";"N";37;23;16;"W";4;23;07
"CO214";"Zamoranos";"N";37;31;32;"W";4;09;51
"CO215";"Zuheros";"N";37;32;47;"W";4;18;49
"GR001";"Acequias";"N";36;58;14;"W";3;32;16
"GR002";"Ácula";"N";37;5;9;"W";3;48;25
"GR003";"Agrón";"N";37;1;59;"W";3;49;51
"GR004";"Alamedilla";"N";37;34;59;"W";3;14;34
"GR005";"Albolote";"N";37;13;59;"W";3;39;14
"GR006";"Albondón";"N";36;49;46;"W";3;12;36
"GR007";"Albuñán";"N";37;13;42;"W";3;8;0
"GR008";"Albuñol";"N";36;47;31;"W";3;12;7
"GR009";"Albuñuelas";"N";36;55;46;"W";3;37;48
"GR010";"Alcazar";"N";36;51;7;"W";3;20;15
"GR011";"Alcudia de Guadix";"N";37;15;38;"W";3;5;52
"GR012";"Alcútar";"N";36;58;2;"W";3;11;26
"GR013";"Aldeire";"N";37;9;50;"W";3;4;25
"GR014";"Alfacar";"N";37;14;28;"W";3;33;46
"GR015";"Alfornón";"N";36;49;13;"W";3;16;37
"GR016";"Algarinejo";"N";37;19;34;"W";4;9;20
"GR017";"Algarinejo";"N";37;19;37;"W";4;9;20
"GR018";"Alhama de Granada";"N";37;11;0;"W";3;59;10
"GR019";"Alhendin";"N";37;6;39;"W";3;38;41
"GR020";"Alicún de Ortega";"N";37;36;34;"W";3;8;7
"GR021";"Almaciles";"N";37;58;52;"W";2;20;23
"GR022";"Almegíjar";"N";36;54;13;"W";3;17;58
"GR023";"Almegíjar";"N";36;54;16;"W";3;17;57
"GR024";"Almontaras";"N";37;46;8;"W";2;45;18
"GR025";"Almuñécar";"N";36;44;1;"W";3;41;37
"GR026";"Alomartes";"N";37;15;45;"W";3;54;46
"GR027";"Alquife";"N";37;10;45;"W";3;6;42
"GR028";"Ambroz";"N";37;9;58;"W";3;39;33
"GR029";"Apeadero la Loma";"N";37;14;19;"W";3;54;50
"GR030";"Arenales";"N";37;19;18;"W";3;39;1
"GR031";"Arenas del Rey";"N";36;57;35;"W";3;53;31
"GR032";"Armilla";"N";37;8;39;"W";3;37;18
"GR033";"Arroyo Pinares";"N";37;16;16;"W";4;44;0
"GR034";"Arrozuelas";"N";37;13;55;"W";4;12;10
"GR035";"Atalbeitar";"N";36;56;9;"W";3;18;35
"GR036";"Atarfe";"N";37;13;31;"W";3;41;20
"GR037";"Bacor Oliva";"N";37;31;55;"W";2;57;11
"GR038";"Balax";"N";37;23;1;"W";2;40;11
"GR039";"Baños de Zújar";"N";37;35;58;"W";2;48;48
"GR040";"Barcinas";"N";37;21;46;"W";3;32;26
"GR041";"Barrio Nuevo";"N";37;36;19;"W";2;27;59
"GR042";"Baul";"N";37;25;52;"W";2;55;44
"GR043";"Baza";"N";37;29;41;"W";2;46;19
"GR044";"Beas de Granada";"N";37;13;9;"W";3;28;49
"GR045";"Beas de Guadix";"N";37;16;54;"W";3;12;18
"GR046";"Belicena";"N";37;10;26;"W";3;41;7
"GR047";"Benalúa de Guadix";"N";37;21;9;"W";3;9;52
"GR048";"Benalúa de las Villas";"N";37;25;48;"W";3;40;56
"GR049";"Benamaurel";"N";37;36;33;"W";2;42;4
"GR050";"Bérchules";"N";36;58;33;"W";3;11;31
"GR051";"Beznar";"N";36;55;46;"W";3;32;26
"GR052";"Bogarre";"N";37;24;46;"W";3;22;23
"GR053";"Brácana";"N";37;13;59;"W";3;56;37
"GR054";"Bubión";"N";36;57;3;"W";3;21;14
"GR055";"Buenavista";"N";37;6;22;"W";3;59;14
"GR056";"Bugéjar";"N";37;52;46;"W";2;18;0
"GR057";"Busquístar";"N";36;56;17;"W";3;17;33
"GR058";"Cacín";"N";37;3;40;"W";3;54;42
"GR059";"Cádiar";"N";36;56;41;"W";3;10;48
"GR060";"Cajar";"N";37;8;8;"W";3;34;16
"GR061";"Calahonda";"N";36;42;14;"W";3;24;48
"GR062";"Calicasas";"N";37;16;32;"W";3;37;7
"GR063";"Campocámara";"N";37;44;14;"W";2;51;40
"GR064";"Campotejar";"N";37;28;53;"W";3;37;4
"GR065";"Canales";"N";37;9;20;"W";3;28;26
"GR066";"Caniles";"N";37;26;11;"W";2;43;30
"GR067";"Cáñar";"N";36;55;43;"W";3;25;42
"GR068";"Caparacena";"N";37;16;3;"W";3;44;2
"GR069";"Capileira";"N";36;57;50;"W";3;21;30
"GR070";"Capilerilla";"N";36;56;35;"W";3;19;54
"GR071";"Carataunas";"N";36;55;26;"W";3;24;25
"GR072";"Carchuna";"N";36;42;17;"W";3;26;43
"GR073";"Carramaiza";"N";37;38;45;"W";2;50;45
"GR074";"Casa Nueva";"N";37;15;30;"W";3;47;18
"GR075";"Casas de Don Juan";"N";37;50;4;"W";2;25;45
"GR076";"Cástaras";"N";36;55;57;"W";3;15;12
"GR077";"Castell de Ferro";"N";36;43;31;"W";3;21;33
"GR078";"Castillejar";"N";37;43;10;"W";2;38;30
"GR079";"Castillo de Baños";"N";36;44;31;"W";3;18;5
"GR080";"Castillo de Tajarja";"N";37;7;13;"W";3;52;35
"GR081";"Castril";"N";37;47;48;"W";2;46;53
"GR082";"Cebas";"N";37;47;37;"W";2;50;36
"GR083";"Cenascuras";"N";37;24;45;"W";3;18;0
"GR084";"Cenes de la Vega";"N";37;9;39;"W";3;32;9
"GR085";"Chaparral";"N";37;15;24;"W";3;39;11
"GR086";"Charches";"N";37;17;44;"W";2;57;21
"GR087";"Chauchina";"N";37;12;15;"W";3;46;16
"GR088";"Cherín";"N";36;58;11;"W";3;40;0
"GR089";"Chimeneas";"N";37;8;0;"W";3;49;15
"GR090";"Chite";"N";36;56;13;"W";3;33;11
"GR091";"Churriana de la Vega";"N";37;8;51;"W";3;38;19
"GR092";"Cijuela";"N";37;12;2;"W";3;48;28
"GR093";"Cogollos de Guadix";"N";37;13;36;"W";3;9;39
"GR094";"Cogollos Vega";"N";37;16;38;"W";3;34;21
"GR095";"Cojayar";"N";36;54;34;"W";3;5;49
"GR096";"Colomera";"N";37;20;20;"W";3;42;39
"GR097";"Conchar";"N";36;58;4;"W";3;35;15
"GR098";"Cortes";"N";37;18;45;"W";3;12;46
"GR099";"Cortes de Baza";"N";37;39;26;"W";2;46;11
"GR100";"Cortijo de Becerra";"N";37;27;14;"W";3;7;32
"GR101";"Cortijo del Fistel";"N";37;29;19;"W";3;25;43
"GR102";"Cotilfar Baja";"N";37;30;56;"W";3;28;27
"GR103";"Cozvíjar";"N";36;59;29;"W";3;35;26
"GR104";"Ctjo. de los Prados de Lopera";"N";36;52;44;"W";3;44;9
"GR105";"Cuesta de la Palma";"N";37;8;30;"W";4;16;45
"GR106";"Cuevas de Luna";"N";37;35;48;"W";2;44;36
"GR107";"Cuevas de Puente Abajo";"N";37;36;33;"W";2;44;46
"GR108";"Cuevas de San Marcos";"N";37;37;12;"W";2;41;59
"GR109";"Cuevas del Campo";"N";37;26;29;"W";2;55;48
"GR110";"Cullar";"N";37;35;4;"W";2;34;38
"GR111";"Cullar Vega";"N";37;9;29;"W";3;40;16
"GR112";"Darro";"N";37;20;59;"W";3;17;32
"GR113";"Dehesas de Guadix";"N";37;35;32;"W";3;6;11
"GR114";"Dehesas Viejas";"N";37;28;35;"W";3;32;59
"GR115";"Deifontes";"N";37;19;35;"W";3;35;36
"GR116";"Delgadillo";"N";37;27;49;"W";3;14;38
"GR117";"Diezma";"N";37;19;29;"W";3;19;51
"GR118";"Dílar";"N";37;4;34;"W";3;36;5
"GR119";"Dólar";"N";37;10;54;"W";2;59;20
"GR120";"Domingo Perez";"N";37;29;55;"W";3;30;30
"GR121";"Dúdar";"N";37;11;12;"W";3;28;59
"GR122";"Dúrcal";"N";36;59;25;"W";3;33;58
"GR123";"El Almendral";"N";36;59;21;"W";4;7;46
"GR124";"El Campillo";"N";36;45;30;"W";3;8;40
"GR125";"El Cerval";"N";36;47;15;"W";3;44;45
"GR126";"El Cortijo Bajo";"N";36;46;29;"W";3;11;15
"GR127";"El Cura";"N";37;43;57;"W";2;36;51
"GR128";"El Francés";"N";37;28;24;"W";2;40;13
"GR129";"El Margen";"N";37;38;38;"W";2;33;58
"GR130";"El Maurel";"N";36;48;10;"W";3;14;29
"GR131";"El Molinillo";"N";37;18;56;"W";3;26;4
"GR132";"El Peñón";"N";37;36;19;"W";3;12;29
"GR133";"El Pozuelo";"N";36;45;0;"W";3;9;10
"GR134";"El Raposo";"N";37;16;54;"W";2;52;4
"GR135";"El Serval";"N";37;21;44;"W";4;7;28
"GR136";"El Turro";"N";37;8;9;"W";3;56;22
"GR137";"El Varadero";"N";36;46;35;"W";3;31;36
"GR138";"Escóznar";"N";37;14;20;"W";3;51;1
"GR139";"Escúzar";"N";37;3;50;"W";3;45;40
"GR140";"Esfiliana";"N";37;16;5;"W";3;6;12
"GR141";"Fargue";"N";37;12;27;"W";3;33;44
"GR142";"Fátima";"N";37;49;10;"W";2;43;53
"GR143";"Ferreira";"N";37;10;29;"W";3;2;5
"GR144";"Ferreirola";"N";36;55;52;"W";3;18;55
"GR145";"Fondales";"N";36;55;25;"W";3;19;29
"GR146";"Fonelas";"N";37;25;4;"W";3;10;29
"GR147";"Fornes";"N";36;57;18;"W";3;51;25
"GR148";"Fregenite";"N";36;49;53;"W";3;21;37
"GR149";"Freila";"N";37;31;48;"W";2;54;25
"GR150";"Fuensanta";"N";37;11;3;"W";3;54;12
"GR151";"Fuente Vera";"N";37;44;15;"W";2;47;2
"GR152";"Fuente Caldera";"N";37;33;5;"W";3;11;53
"GR153";"Fuente Nueva";"N";37;43;3;"W";2;24;12
"GR154";"Fuente Vaqueros";"N";37;13;14;"W";3;46;56
"GR155";"Fuentes Camacho";"N";37;5;58;"W";4;15;8
"GR156";"Fuentes de Cesna";"N";37;16;5;"W";4;14;26
"GR157";"Gabia la Chica";"N";37;7;20;"W";3;38;49
"GR158";"Galco";"N";36;58;24;"W";3;9;11
"GR159";"Galera";"N";37;44;50;"W";2;33;15
"GR160";"Gobernador";"N";37;28;44;"W";3;19;14
"GR161";"Gójar";"N";37;6;18;"W";3;36;10
"GR162";"Gor";"N";37;22;21;"W";2;58;8
"GR163";"Gorafe";"N";37;28;53;"W";3;2;36
"GR164";"Graena";"N";37;18;20;"W";3;13;4
"GR165";"Granada";"N";37;11;0;"W";3;35;44
"GR166";"Guadahortuna";"N";37;33;32;"W";3;23;50
"GR167";"Guadix";"N";37;18;16;"W";3;8;11
"GR168";"Guajar Alto";"N";36;51;17;"W";3;37;26
"GR169";"Guajar Faragüit";"N";36;50;36;"W";3;35;2
"GR170";"Guajar Fondón";"N";36;50;13;"W";3;34;49
"GR171";"Gualchos";"N";36;44;44;"W";3;23;15
"GR172";"Güejar Sierra";"N";37;9;42;"W";3;26;19
"GR173";"Güevéjar";"N";37;15;14;"W";3;35;46
"GR174";"Haza de Trigo";"N";36;45;33;"W";3;18;40
"GR175";"Haza del Lino";"N";36;48;49;"W";3;18;33
"GR176";"Hernán Valle";"N";37;22;30;"W";3;3;46
"GR177";"Híjar";"N";37;9;7;"W";3;40;19
"GR178";"Huélago";"N";37;25;23;"W";3;15;33
"GR179";"Huéneja";"N";37;10;43;"W";2;56;59
"GR180";"Huéscar";"N";37;48;36;"W";2;32;31
"GR181";"Huetor Santillan";"N";37;13;12;"W";3;30;54
"GR182";"Huétor Tájar";"N";37;11;56;"W";4;2;42
"GR183";"Huetor Vega";"N";37;8;35;"W";3;34;1
"GR184";"Illora";"N";37;17;21;"W";3;52;50
"GR185";"Itrabo";"N";36;48;6;"W";3;38;16
"GR186";"Izbor";"N";36;53;47;"W";3;31;26
"GR187";"Iznalloz";"N";37;23;38;"W";3;31;32
"GR188";"Jata";"N";37;42;46;"W";2;24;24
"GR189";"Játar";"N";36;56;11;"W";3;54;32
"GR190";"Jayena";"N";36;56;52;"W";3;49;5
"GR191";"Jérez del Marquesado";"N";37;11;9;"W";3;9;37
"GR192";"Jete";"N";36;47;52;"W";3;40;4
"GR193";"Jorairatar";"N";36;55;16;"W";3;6;23
"GR194";"Jubar";"N";37;1;2;"W";3;1;53
"GR195";"Jun";"N";37;13;19;"W";3;35;32
"GR196";"Juviles";"N";36;56;59;"W";3;13;33
"GR197";"La Alqueria";"N";37;42;55;"W";2;32;42
"GR198";"La Cabra Montés";"N";36;50;24;"W";3;43;23
"GR199";"La Calahorra";"N";37;11;2;"W";3;3;44
"GR200";"La Cazuela";"N";37;22;12;"W";3;57;49
"GR201";"La Esperanza";"N";37;10;21;"W";4;7;12
"GR202";"La Estación";"N";37;13;22;"W";2;57;9
"GR203";"La Estación";"N";37;15;12;"W";3;51;31
"GR204";"La Garnatilla";"N";36;34;30;"W";3;26;24
"GR205";"La Gorgoracha";"N";36;47;24;"W";3;30;9
"GR206";"La Haza Mora";"N";36;45;54;"W";3;10;44
"GR207";"La Herradura";"N";36;44;5;"W";3;44;17
"GR208";"La Malahá";"N";37;6;7;"W";3;43;17
"GR209";"La Mamola";"N";36;44;52;"W";3;16;49
"GR210";"La Noria";"N";36;50;34;"W";3;5;8
"GR211";"La Peza";"N";37;16;49;"W";3;17;10
"GR212";"La Rábita";"N";36;45;3;"W";3;10;16
"GR213";"La Zubia";"N";37;7;18;"W";3;34;56
"GR214";"Laborcillas";"N";37;27;17;"W";3;17;22
"GR215";"Láchar";"N";37;11;54;"W";3;50;2
"GR216";"Lagos";"N";36;47;42;"W";3;27;4
"GR217";"Lanjarón";"N";36;55;14;"W";3;28;50
"GR218";"Lanteira";"N";37;10;12;"W";3;8;16
"GR219";"Laroles";"N";37;30;0;"W";3;39;0
"GR220";"Las Canteras";"N";36;56;11;"W";3;2;41
"GR221";"Las Cucharetas";"N";37;37;52;"W";2;47;4
"GR222";"Las Gabias";"N";37;8;9;"W";3;39;58
"GR223";"Las Juntas";"N";37;20;5;"W";2;54;18
"GR224";"Las Puertas";"N";37;25;10;"W";3;44;50
"GR225";"Las Torres";"N";37;19;53;"W";3;41;47
"GR226";"Las Vertientes";"N";37;35;50;"W";2;23;31
"GR227";"Las Viñas";"N";37;24;8;"W";3;51;0
"GR228";"Lecrín";"N";36;57;3;"W";3;33;4
"GR229";"Lentegí";"N";36;50;19;"W";3;40;25
"GR230";"Limones";"N";37;23;8;"W";3;46;42
"GR231";"Lobras";"N";36;55;56;"W";3;12;45
"GR232";"Lobres";"N";36;46;22;"W";3;33;52
"GR233";"Loja";"N";37;9;58;"W";4;8;52
"GR234";"Lojilla";"N";37;23;40;"W";4;1;33
"GR235";"Loreto";"N";37;11;27;"W";3;57;24
"GR236";"Los Balcones";"N";37;26;45;"W";2;56;33
"GR237";"Los Baños";"N";37;18;22;"W";3;12;33
"GR238";"Los Caballeros";"N";36;58;57;"W";3;16;54
"GR239";"Los Carlos";"N";36;45;47;"W";3;22;37
"GR240";"Los Carriones";"N";37;41;4;"W";2;40;19
"GR241";"Los Casimiros";"N";36;51;37;"W";3;5;54
"GR242";"Los Cózares";"N";36;52;0;"W";3;11;54
"GR243";"Los Gallardos";"N";37;26;39;"W";2;40;59
"GR244";"Los Gálvez";"N";36;48;51;"W";3;12;22
"GR245";"Los Garcias";"N";36;45;22;"W";3;22;6
"GR246";"Los Guerras";"N";36;45;53;"W";3;44;38
"GR247";"Los Laneros";"N";37;42;15;"W";2;47;55
"GR248";"Los Olmos";"N";37;20;43;"W";2;44;19
"GR249";"Los Tablones de Motril";"N";36;45;49;"W";3;27;20
"GR250";"Los Tablones de Órgiva";"N";36;53;11;"W";3;23;55
"GR251";"Los Villares";"N";37;21;4;"W";3;19;51
"GR252";"Los Yesos";"N";36;45;14;"W";3;15;49
"GR253";"Lugros";"N";37;13;55;"W";3;14;28
"GR254";"Lújar";"N";36;47;16;"W";3;24;9
"GR255";"Macarena";"N";37;12;30;"W";3;38;3
"GR256";"Mairena";"N";37;29;0;"W";3;2;32
"GR257";"Marchal";"N";37;17;55;"W";3;11;59
"GR258";"Martín";"N";37;48;57;"W";2;46;10
"GR259";"Mecina Alfahar";"N";36;59;56;"W";3;4;5
"GR260";"Mecina Bombarón";"N";36;59;4;"W";3;9;17
"GR261";"Mecina Tedel";"N";36;53;52;"W";3;6;48
"GR262";"Melegís";"N";36;56;14;"W";3;34;15
"GR263";"Melicena";"N";36;45;17;"W";3;14;5
"GR264";"Milanos";"N";37;14;36;"W";4;4;40
"GR265";"Minas del Marquesado";"N";37;11;32;"W";3;6;19
"GR266";"Moclín";"N";37;20;34;"W";3;47;5
"GR267";"Molvízar";"N";36;47;42;"W";3;36;24
"GR268";"Monachil";"N";37;8;1;"W";3;32;17
"GR269";"Moncayo";"N";37;54;26;"W";2;36;6
"GR270";"Mondújar";"N";36;57;32;"W";3;32;28
"GR271";"Monte Almendras";"N";36;45;31;"W";3;37;43
"GR272";"Montefrío";"N";37;19;24;"W";4;30;0
"GR273";"Montejícar";"N";37;34;30;"W";3;30;17
"GR274";"Montillana";"N";37;30;15;"W";3;40;17
"GR275";"Moraleda de Zafayona";"N";37;10;11;"W";3;57;57
"GR276";"Moreda";"N";37;26;24;"W";3;19;40
"GR277";"Motril";"N";36;45;0;"W";3;30;58
"GR278";"Murchas";"N";36;56;56;"W";3;33;31
"GR279";"Murtas";"N";36;53;14;"W";3;6;21
"GR280";"Narila";"N";36;57;35;"W";3;10;38
"GR281";"Nechite";"N";37;21;0;"W";3;4;11
"GR282";"Nigüelas";"N";36;58;56;"W";3;32;4
"GR283";"Nívar";"N";37;15;32;"W";3;34;39
"GR284";"Notaez";"N";36;54;59;"W";3;16;38
"GR285";"Ogíjares";"N";37;7;32;"W";3;36;37
"GR286";"Olias";"N";36;49;11;"W";3;22;32
"GR287";"Olivar";"N";37;42;13;"W";2;39;17
"GR288";"Olivares";"N";37;20;1;"W";3;45;59
"GR289";"Onítar";"N";37;26;42;"W";3;36;15
"GR290";"Orce";"N";37;43;21;"W";2;28;41
"GR291";"Órgiva";"N";36;54;18;"W";3;25;13
"GR292";"Otívar";"N";36;48;56;"W";3;40;48
"GR293";"Otura";"N";37;5;40;"W";3;38;2
"GR294";"Padul";"N";37;1;36;"W";3;37;25
"GR295";"Pago";"N";36;52;49;"W";3;25;11
"GR296";"Pampaneira";"N";36;56;30;"W";3;21;42
"GR297";"Pedro Martínez";"N";37;30;25;"W";3;13;44
"GR298";"Pedro Ruiz";"N";37;13;5;"W";3;45;15
"GR299";"Peligros";"N";37;13;59;"W";3;37;39
"GR300";"Peñuelas";"N";37;10;29;"W";3;51;14
"GR301";"Picena";"N";37;12;0;"W";3;8;0
"GR302";"Pilas de Algaida";"N";36;57;24;"W";4;5;45
"GR303";"Pinos del Valle";"N";36;54;48;"W";3;33;18
"GR304";"Pinos Genil";"N";37;9;45;"W";3;30;8
"GR305";"Pinos Puente";"N";37;15;8;"W";3;44;54
"GR306";"Píñar";"N";37;26;36;"W";3;26;19
"GR307";"Pitres (la Taha)";"N";36;56;16;"W";3;19;26
"GR308";"Polícar";"N";37;15;41;"W";3;13;47
"GR309";"Polopos";"N";36;47;45;"W";3;17;43
"GR310";"Poloria";"N";37;27;16;"W";3;33;28
"GR311";"Pórtugos";"N";36;56;32;"W";3;18;41
"GR312";"Prado Llano";"N";37;5;46;"W";3;24;16
"GR313";"Prado Negro";"N";37;19;32;"W";3;27;19
"GR314";"Puebla de Don Fadrique";"N";37;57;41;"W";2;26;21
"GR315";"Puente Duda";"N";37;50;19;"W";2;40;18
"GR316";"Puerto Lope";"N";37;20;15;"W";3;47;5
"GR317";"Pulianas";"N";37;13;31;"W";3;36;17
"GR318";"Pulpitre";"N";37;34;58;"W";2;30;55
"GR319";"Purchil";"N";37;10;30;"W";3;39;56
"GR320";"Purullena";"N";37;19;19;"W";3;11;17
"GR321";"Quéntar";"N";37;11;36;"W";3;27;57
"GR322";"Rejano";"N";37;21;31;"W";2;40;22
"GR323";"Restabal";"N";36;55;49;"W";3;34;59
"GR324";"Riofrio";"N";37;9;10;"W";4;12;13
"GR325";"Rioseco Alto";"N";36;48;21;"W";3;44;11
"GR326";"Romilla";"N";37;12;21;"W";3;47;29
"GR327";"Rubite";"N";36;48;38;"W";3;20;49
"GR328";"Salar";"N";37;9;9;"W";4;3;53
"GR329";"Saleres";"N";36;55;53;"W";3;35;36
"GR330";"Salobreña";"N";36;44;43;"W";3;35;27
"GR331";"San Clemente";"N";37;52;14;"W";2;38;28
"GR332";"Santa Cruz del Comercio";"N";37;3;47;"W";3;58;25
"GR333";"Santa Fe";"N";37;11;21;"W";3;43;6
"GR334";"Sillar Alta";"N";37;20;30;"W";3;24;38
"GR335";"Sillar Baja";"N";37;20;40;"W";3;21;52
"GR336";"Soportújar";"N";36;55;48;"W";3;24;16
"GR337";"Sorvilán";"N";36;47;43;"W";3;15;57
"GR338";"Tarifa";"N";37;35;7;"W";2;27;33
"GR339";"Terre";"N";37;27;15;"W";3;30;23
"GR340";"Tiena";"N";37;19;14;"W";3;47;12
"GR341";"Timar";"N";36;56;42;"W";3;12;40
"GR342";"Tocón";"N";37;14;26;"W";3;57;48
"GR343";"Torre Cárdela";"N";37;30;30;"W";3;21;25
"GR344";"Torre Agricampo";"N";37;12;14;"W";4;16;36
"GR345";"Torrecuevas";"N";36;46;10;"W";3;41;20
"GR346";"Torrenueva";"N";36;42;17;"W";3;29;9
"GR347";"Torvizcón";"N";36;52;50;"W";3;17;50
"GR348";"Toscana Nueva";"N";37;52;51;"W";2;22;44
"GR349";"Tózar";"N";37;22;13;"W";3;46;34
"GR350";"Trasmulas";"N";37;12;2;"W";3;52;16
"GR351";"Trevélez";"N";37;4;0;"W";3;15;52
"GR352";"Trujillos";"N";37;27;32;"W";3;47;41
"GR353";"Turón";"N";36;51;59;"W";3;3;24
"GR354";"Ugíjar";"N";36;57;51;"W";3;3;3
"GR355";"Valdemanzanos";"N";37;33;45;"W";2;58;49
"GR356";"Valderrubio";"N";37;14;13;"W";3;49;7
"GR357";"Valenzuela";"N";37;4;31;"W";3;59;10
"GR358";"Válor";"N";36;59;52;"W";3;4;47
"GR359";"Vélez de Benaudalla";"N";36;49;59;"W";3;30;55
"GR360";"Velilla";"N";36;44;33;"W";3;40;2
"GR361";"Velilla Taramay";"N";36;45;44;"W";3;40;7
"GR362";"Venta de Agramaderos";"N";37;23;29;"W";3;59;5
"GR363";"Venta del Fraile";"N";36;59;12;"W";3;44;2
"GR364";"Venta del Peral";"N";37;33;29;"W";2;36;27
"GR365";"Venta Micena";"N";37;44;5;"W";2;23;19
"GR366";"Ventas de Huelma";"N";37;4;7;"W";3;49;16
"GR367";"Ventas de Zafarraya";"N";36;57;30;"W";4;7;17
"GR368";"Ventorros de San Jose";"N";37;15;0;"W";4;9;2
"GR369";"Ventorros de Valarma";"N";37;13;52;"W";4;15;33
"GR370";"Villanueva de las Torres";"N";37;33;29;"W";3;5;22
"GR371";"Villanueva del Mesia";"N";37;12;57;"W";4;37;0
"GR372";"Vìznar";"N";37;14;2;"W";3;33;7
"GR373";"Yátor";"N";36;57;31;"W";3;8;10
"GR374";"Yegen";"N";36;59;5;"W";3;7;7
"GR375";"Zafarraya";"N";36;58;31;"W";4;8;35
"GR376";"Zagra";"N";37;15;22;"W";4;10;7
"GR377";"Zujaira";"N";37;15;31;"W";3;48;7
"GR378";"Zújar";"N";37;32;29;"W";2;50;20
"HU001";"Acebuche";"N";37;53;27;"W";6;48;41
"HU002";"Aguafría";"N";37;53;27;"W";6;44;41
"HU003";"Alájar";"N";37;52;29;"W";6;39;59
"HU004";"Aldea Tejada";"N";37;26;57;"W";6;22;0
"HU005";"Aljaraque";"N";37;16;24;"W";7;1;29
"HU006";"Almonaster la Real";"N";37;52;31;"W";6;47;12
"HU007";"Almonte";"N";37;15;46;"W";6;31;13
"HU008";"Alosno";"N";37;33;2;"W";7;6;57
"HU009";"Alto de la Mesa";"N";37;42;5;"W";6;35;36
"HU010";"Aracena";"N";37;53;43;"W";6;33;41
"HU011";"Aroche";"N";37;56;48;"W";6;57;10
"HU012";"Arroyo";"N";37;53;30;"W";6;48;10
"HU013";"Arroyomolinos de León";"N";37;1;36;"W";6;25;4
"HU014";"Asperillo";"N";37;3;48;"W";6;38;35
"HU015";"Ayamonte";"N";37;13;10;"W";7;24;5
"HU016";"Beas";"N";37;25;44;"W";6;47;30
"HU017";"Berrocal";"N";37;36;42;"W";6;32;30
"HU018";"Bolullos del Condado";"N";37;20;20;"W";6;32;28
"HU019";"Bonares";"N";37;19;34;"W";6;40;50
"HU020";"Cabezas del Pasto";"N";37;36;37;"W";7;19;58
"HU021";"Cabezas Rubias";"N";37;43;33;"W";7;5;10
"HU022";"Cala";"N";37;58;28;"W";6;18;46
"HU023";"Calabazares";"N";37;51;49;"W";6;45;7
"HU024";"Calañas";"N";37;39;22;"W";6;52;40
"HU025";"Campofrío";"N";37;46;8;"W";6;34;23
"HU026";"Canaleja";"N";37;53;59;"W";6;46;56
"HU027";"Candón";"N";37;23;33;"W";6;44;17
"HU028";"Cañaveral de León";"N";38;59;0;"W";6;31;36
"HU029";"Carboneras";"N";37;55;12;"W";6;32;45
"HU030";"Cartaya";"N";37;17;3;"W";7;9;6
"HU031";"Castaño del Robledo";"N";37;53;46;"W";6;42;18
"HU032";"Castañuelo";"N";37;56;24;"W";6;34;41
"HU033";"Chucena";"N";37;21;49;"W";6;23;33
"HU034";"Colonia de Tejada";"N";37;31;38;"W";7;21;35
"HU035";"Corrales";"N";37;16;35;"W";6;59;28
"HU036";"Corteconcepción";"N";37;53;58;"W";6;30;31
"HU037";"Cortegana";"N";37;54;34;"W";6;49;19
"HU038";"Cortelazor";"N";37;56;13;"W";6;37;32
"HU039";"Corterrangel";"N";37;56;26;"W";6;35;59
"HU040";"Cortijo de Bruno";"N";38;4;46;"W";6;53;17
"HU041";"Cortijo de los Pájaros";"N";37;33;9;"W";6;26;35
"HU042";"Cueva de la Mora";"N";37;46;55;"W";6;48;0
"HU043";"Cumbres de Enmedio";"N";38;4;27;"W";6;41;36
"HU044";"Cumbres de San Bartolomé";"N";38;4;48;"W";6;44;33
"HU045";"Cumbres Mayores";"N";38;3;51;"W";6;38;46
"HU046";"El Abalario";"N";37;7;11;"W";6;41;19
"HU047";"El Acebuche";"N";37;2;59;"W";6;34;1
"HU048";"El Alamillo";"N";37;5;43;"W";6;34;12
"HU049";"El Almendro";"N";37;30;33;"W";7;16;11
"HU050";"El Buitrón";"N";37;38;29;"W";6;44;14
"HU051";"El Campillo";"N";37;41;50;"W";6;37;51
"HU052";"El Cerro de Andévalo";"N";37;44;12;"W";6;56;8
"HU053";"El Corchuelo";"N";37;13;6;"W";6;41;37
"HU054";"El Granado";"N";37;31;22;"W";7;24;57
"HU055";"El Judío";"N";37;22;10;"W";6;53;52
"HU056";"El Mustio";"N";37;50;24;"W";7;4;37
"HU057";"El Portil";"N";37;12;53;"W";7;2;55
"HU058";"El Repilado";"N";37;55;46;"W";6;46;17
"HU059";"El Rocío";"N";37;8;17;"W";6;29;13
"HU060";"El Rompido";"N";37;13;15;"W";7;7;19
"HU061";"El Terrón";"N";37;13;44;"W";7;10;35
"HU062";"El Villar";"N";37;41;48;"W";6;44;26
"HU063";"El Zapillo";"N";37;26;24;"W";6;41;32
"HU064";"Encinasola";"N";38;8;26;"W";6;52;21
"HU065";"Escacena del Campo";"N";37;24;48;"W";6;23;21
"HU066";"Escalada";"N";37;50;50;"W";6;46;7
"HU067";"Fuente de la Corcha";"N";37;29;1;"W";6;51;47
"HU068";"Fuenteheridos";"N";37;54;12;"W";6;39;41
"HU069";"Galaroza";"N";37;55;39;"W";6;42;31
"HU070";"Gibraleón";"N";37;22;40;"W";6;58;3
"HU071";"Gil Márquez";"N";37;51;9;"W";6;50;32
"HU072";"Herrerías";"N";37;36;48;"W";7;17;38
"HU073";"Higuera de la Sierra";"N";37;50;18;"W";6;26;52
"HU074";"Hinojales";"N";38;34;0;"W";6;35;22
"HU075";"Hinojos";"N";37;17;43;"W";6;22;27
"HU076";"Huelva";"N";37;16;7;"W";6;56;39
"HU077";"Isla Canela";"N";37;10;59;"W";7;21;3
"HU078";"Isla Cristina";"N";37;12;11;"W";7;19;13
"HU079";"Isla del Morral";"N";37;11;35;"W";7;20;32
"HU080";"Jabugo";"N";37;55;4;"W";6;43;46
"HU081";"Jabuguillo";"N";37;51;46;"W";6;30;52
"HU082";"La Antilla";"N";37;12;33;"W";7;12;54
"HU083";"La Barca";"N";37;17;20;"W";7;10;52
"HU084";"La Contienda";"N";38;2;23;"W";6;55;57
"HU085";"La Corte";"N";37;51;36;"W";6;44;13
"HU086";"La Corte";"N";37;57;14;"W";6;49;52
"HU087";"La Dehesa";"N";37;42;55;"W";6;34;57
"HU088";"La Granada de Riotinto";"N";37;46;10;"W";6;30;26
"HU089";"La Joya";"N";37;45;50;"W";7;1;29
"HU090";"La Matilla";"N";37;11;45;"W";6;41;56
"HU091";"La Mediana";"N";37;8;33;"W";6;36;58
"HU092";"La Nava";"N";37;57;52;"W";6;44;58
"HU093";"La Palma del Condado";"N";37;23;17;"W";6;32;59
"HU094";"La Peñuela";"N";37;24;56;"W";6;42;12
"HU095";"La Rábida";"N";37;12;59;"W";6;54;41
"HU096";"La Redondela";"N";37;13;24;"W";7;16;18
"HU097";"La Rivera";"N";37;18;59;"W";6;54;15
"HU098";"La Torera";"N";37;35;48;"W";6;53;50
"HU099";"La Umbría";"N";37;51;52;"W";6;27;32
"HU100";"Las Cefiñas";"N";37;58;7;"W";6;51;29
"HU101";"Las Chinas";"N";37;56;12;"W";6;42;59
"HU102";"Las Delgadas";"N";37;39;45;"W";6;34;28
"HU103";"Lavapiés";"N";37;24;52;"W";6;41;7
"HU104";"Lepe";"N";37;15;32;"W";7;12;10
"HU105";"Linares de la Sierra";"N";37;52;54;"W";6;37;16
"HU106";"Los Bodegones";"N";37;10;53;"W";6;40;14
"HU107";"Los Bravos";"N";37;57;44;"W";6;50;35
"HU108";"Los Cabezudos";"N";37;10;39;"W";6;37;28
"HU109";"Los Clarines";"N";37;24;40;"W";6;46;54
"HU110";"Los Marines";"N";37;54;22;"W";6;37;27
"HU111";"Los Romeranos";"N";37;24;41;"W";7;27;3
"HU112";"Los Viejos";"N";37;57;38;"W";6;50;56
"HU113";"Lucena del Puerto";"N";37;18;20;"W";6;43;37
"HU114";"Manzanilla";"N";37;23;28;"W";6;25;52
"HU115";"Marigenta";"N";37;37;35;"W";6;34;55
"HU116";"Matalascañas";"N";37;39;0;"W";6;33;30
"HU117";"Mazagón";"N";37;8;10;"W";6;49;22
"HU118";"Mazarrón";"N";37;27;23;"W";6;23;59
"HU119";"Membrillo";"N";37;38;18;"W";6;38;34
"HU120";"Minas de Cala";"N";37;57;33;"W";6;20;53
"HU121";"Minas de Riotinto";"N";37;41;47;"W";6;35;30
"HU122";"Moguer";"N";37;16;44;"W";6;50;8
"HU123";"Monte Puerto";"N";37;58;37;"W";6;52;24
"HU124";"Montes de San Benito";"N";37;40;54;"W";7;4;15
"HU125";"Navahermosa";"N";37;56;0;"W";6;40;8
"HU126";"Navahermosa";"N";37;29;47;"W";6;47;2
"HU127";"Nerva";"N";37;41;49;"W";6;32;54
"HU128";"Niebla";"N";37;21;49;"W";6;40;44
"HU129";"Palacio de Doñana";"N";36;59;40;"W";6;26;27
"HU130";"Palacio de las Marismillas";"N";36;50;29;"W";6;22;9
"HU131";"Palos de la Frontera";"N";37;13;50;"W";6;53;34
"HU132";"Paterna del Campo";"N";37;25;30;"W";6;23;58
"HU133";"Patrás";"N";37;48;17;"W";6;42;9
"HU134";"Paymogo";"N";37;44;36;"W";7;20;33
"HU135";"Perrunal";"N";37;42;44;"W";6;52;12
"HU136";"Pinos de Mar";"N";37;11;20;"W";6;58;36
"HU137";"Pozo del Camino";"N";37;13;35;"W";7;18;40
"HU138";"Puebla de Guzmán";"N";37;36;56;"W";7;14;49
"HU139";"Pueblo Andaluz";"N";36;59;10;"W";6;31;58
"HU140";"Puerto de la Laja";"N";37;31;39;"W";7;29;42
"HU141";"Puerto Gil";"N";37;53;43;"W";6;29;46
"HU142";"Puerto Moral";"N";37;53;41;"W";6;28;40
"HU143";"Puertolucía";"N";37;57;54;"W";6;48;12
"HU144";"Punta Umbría";"N";37;10;56;"W";6;57;48
"HU145";"Rociana del Condado";"N";37;18;36;"W";6;35;37
"HU146";"Rosal de la Frontera";"N";37;58;10;"W";7;13;10
"HU147";"San Bartolomé de la Torre";"N";37;26;50;"W";7;6;9
"HU148";"San Juan del Puerto";"N";37;18;59;"W";6;50;16
"HU149";"San Silvestre de Guzmán";"N";37;23;30;"W";7;20;50
"HU150";"San Telmo";"N";37;47;52;"W";6;57;54
"HU151";"Sanlúcar de Guadiana";"N";37;28;29;"W";7;27;50
"HU152";"Santa Ana la Real";"N";37;51;55;"W";6;43;39
"HU153";"Santa Bárbara de Casa";"N";37;47;55;"W";7;11;15
"HU154";"Santa Eulalia";"N";37;48;32;"W";6;40;27
"HU155";"Santa Olalla del Cala";"N";37;54;34;"W";6;13;34
"HU156";"Serpos";"N";37;49;20;"W";6;48;22
"HU157";"Silos de Calañas";"N";37;42;55;"W";6;50;40
"HU158";"Sotiel Coronada";"N";37;36;14;"W";6;50;54
"HU159";"Tariquejo";"N";37;22;57;"W";7;8;41
"HU160";"Tharsis";"N";37;36;13;"W";7;7;29
"HU161";"Torre Carbonero";"N";36;54;54;"W";6;27;1
"HU162";"Torre de San Jacinto";"N";36;48;58;"W";6;23;53
"HU163";"Torre Zalabar";"N";36;51;3;"W";6;24;45
"HU164";"Traslasierra";"N";37;42;18;"W";6;39;53
"HU165";"Trigueros";"N";37;23;1;"W";6;49;58
"HU166";"Tujena";"N";37;28;56;"W";6;25;24
"HU167";"Tumbalejo";"N";37;28;54;"W";6;39;0
"HU168";"Valdelamusa";"N";37;47;19;"W";6;52;36
"HU169";"Valdelarco";"N";37;57;13;"W";6;41;2
"HU170";"Valdezufre";"N";37;51;59;"W";6;30;2
"HU171";"Valverde del Camino";"N";37;34;28;"W";6;45;13
"HU172";"Ventas de Arriba";"N";37;46;4;"W";6;36;55
"HU173";"Veredas";"N";37;53;12;"W";6;49;50
"HU174";"Villablanca";"N";37;18;23;"W";7;20;29
"HU175";"Villalba del Alcor";"N";37;23;54;"W";6;28;22
"HU176";"Villanueva de las Cruces";"N";37;37;56;"W";7;1;20
"HU177";"Villanueva de los Castillejos";"N";37;30;8;"W";7;16;12
"HU178";"Villarrasa";"N";37;23;33;"W";6;36;26
"HU179";"Zalamea la Real";"N";37;40;47;"W";6;39;44
"HU180";"Zufre";"N";37;50;27;"W";6;20;28
"JA001";"Agracea";"N";38;23;44;"W";2;47;32
"JA002";"Agrupación de Mogón";"N";38;3;26;"W";3;4;12
"JA003";"Agrupación Santo Tomé";"N";38;1;43;"W";3;7;45
"JA004";"Álbanchez de Úbeda";"N";37;47;36;"W";3;27;52
"JA005";"Alcalá la Real";"N";37;27;54;"W";3;55;26
"JA006";"Alcaparrosa";"N";38;7;18;"W";4;2;17
"JA007";"Alcaudete";"N";37;35;32;"W";3;35;32
"JA008";"Aldeahermosa";"N";38;19;42;"W";3;7;44
"JA009";"Aldeaquemada";"N";38;24;46;"W";3;22;17
"JA010";"Andújar";"N";38;2;32;"W";4;3;8
"JA011";"Arbuniel";"N";37;37;42;"W";3;32;7
"JA012";"Arjona";"N";37;56;17;"W";4;3;17
"JA013";"Arjonilla";"N";37;58;28;"W";4;6;14
"JA014";"Arquillos";"N";38;10;57;"W";3;25;44
"JA015";"Arroyo del Ojanco";"N";38;19;7;"W";2;53;47
"JA016";"Aulabar";"N";37;41;48;"W";3;20;10
"JA017";"Baeza";"N";37;59;49;"W";3;27;50
"JA018";"Bailen";"N";38;5;52;"W";3;46;26
"JA019";"Baños de la Encina";"N";38;10;29;"W";3;46;18
"JA020";"Beas de Segura";"N";38;15;12;"W";2;53;7
"JA021";"Bédmar";"N";37;49;33;"W";3;24;41
"JA022";"Begíjar";"N";37;59;11;"W";3;31;56
"JA023";"Belerdas";"N";37;45;39;"W";3;1;53
"JA024";"Bèlmez";"N";37;45;5;"W";3;23;15
"JA025";"Bélmez de la Moraleja";"N";37;43;30;"W";3;22;52
"JA026";"Benatae";"N";38;21;14;"W";2;39;5
"JA027";"Berjada";"N";38;23;51;"W";2;50;41
"JA028";"Bobadilla";"N";37;39;45;"W";4;6;20
"JA029";"Bujaraiza";"N";38;6;59;"W";2;48;9
"JA030";"Burunchel";"N";37;56;46;"W";2;57;10
"JA031";"Cabra del Santo Cristo";"N";37;42;20;"W";3;17;7
"JA032";"Cabrita";"N";37;41;37;"W";3;25;1
"JA033";"Cambil";"N";37;40;47;"W";3;33;52
"JA034";"Campillo de Arenas";"N";37;33;21;"W";3;38;6
"JA035";"Campillo del Rio";"N";37;57;44;"W";3;38;15
"JA036";"Camporredondo";"N";38;16;32;"W";3;16;0
"JA037";"Canena";"N";38;3;7;"W";3;28;58
"JA038";"Cañada de la Madera";"N";38;8;33;"W";2;55;40
"JA039";"Cañada del Señor";"N";38;25;38;"W";2;34;50
"JA040";"Carboneros";"N";38;13;49;"W";3;38;27
"JA041";"Carchel";"N";37;39;13;"W";3;38;10
"JA042";"Carchelejo (carcheles)";"N";37;38;17;"W";3;38;22
"JA043";"Casablanca";"N";38;21;18;"W";2;49;58
"JA044";"Casas de Carrasco";"N";38;7;52;"W";2;41;15
"JA045";"Casas de Estepa";"N";37;57;37;"W";3;4;0
"JA046";"Casicas del Rio Segura";"N";38;11;31;"W";2;33;33
"JA047";"Castellar";"N";38;15;29;"W";3;7;25
"JA048";"Castillo de Locubín";"N";37;31;54;"W";3;56;34
"JA049";"Cazalilla";"N";37;59;11;"W";3;52;51
"JA050";"Cazorla";"N";37;55;6;"W";3;27;0
"JA051";"Ceal";"N";37;43;40;"W";3;2;52
"JA052";"Charilla";"N";37;29;53;"W";3;54;29
"JA053";"Chiclana de Segura";"N";38;18;40;"W";3;2;49
"JA054";"Chilluévar";"N";38;22;0;"W";3;1;50
"JA055";"Chozas";"N";38;15;40;"W";2;47;11
"JA056";"Colonia de la Cruz";"N";38;8;47;"W";3;37;58
"JA057";"Cortijo de Fontanarejo";"N";38;18;58;"W";3;56;18
"JA058";"Cortijo de los Ciruelos";"N";37;37;58;"W";3;9;2
"JA059";"Cortijo del Coto";"N";37;40;37;"W";3;54;24
"JA060";"Cortijo Nuevo";"N";37;37;9;"W";3;1;8
"JA061";"Cortijos Nuevos";"N";38;14;59;"W";2;43;30
"JA062";"Coto Rios";"N";38;3;9;"W";2;48;53
"JA063";"El Acebuchal";"N";38;12;56;"W";3;36;24
"JA064";"El Atico";"N";38;12;55;"W";3;40;6
"JA065";"El Berrueco";"N";37;52;4;"W";3;56;16
"JA066";"El Campillo";"N";38;16;29;"W";3;2;47
"JA067";"El Centenillo";"N";38;20;21;"W";3;43;48
"JA068";"El Cerezo";"N";38;3;57;"W";2;38;20
"JA069";"El Chorro";"N";37;52;17;"W";3;30;0
"JA070";"El Marmol";"N";38;3;39;"W";3;25;59
"JA071";"El Molar";"N";37;58;52;"W";3;8;54
"JA072";"El Ojuelo";"N";38;15;25;"W";2;41;58
"JA073";"El Parralejo";"N";38;13;9;"W";2;31;10
"JA074";"El Parrizoso";"N";37;37;40;"W";3;44;1
"JA075";"El Patronato";"N";38;2;19;"W";2;40;7
"JA076";"El Porrosillo";"N";38;13;30;"W";3;24;49
"JA077";"El Regüelo";"N";37;37;5;"W";3;55;3
"JA078";"El Robledo";"N";38;14;58;"W";2;41;11
"JA079";"Escañuela";"N";37;52;54;"W";4;1;57
"JA080";"Espeluy";"N";38;2;1;"W";3;51;42
"JA081";"Fernandina";"N";38;13;22;"W";3;35;24
"JA082";"Fontanar";"N";37;40;26;"W";2;58;15
"JA083";"Frailes";"N";37;29;22;"W";3;50;18
"JA084";"Friscalejo";"N";38;9;35;"W";3;53;43
"JA085";"Fuensanta de Martos";"N";37;38;59;"W";3;54;34
"JA086";"Fuente Alamo";"N";37;28;40;"W";4;1;58
"JA087";"Fuente Buena";"N";38;18;25;"W";2;52;5
"JA088";"Fuente Segura";"N";38;5;45;"W";2;41;58
"JA089";"Fuerte del Rey";"N";37;52;38;"W";3;52;58
"JA090";"Garciez";"N";37;52;32;"W";3;27;18
"JA091";"Génave";"N";38;25;53;"W";2;43;57
"JA092";"Guadalen";"N";38;9;36;"W";3;29;42
"JA093";"Guadalimar";"N";38;1;26;"W";3;36;43
"JA094";"Guadalupe";"N";38;5;15;"W";3;23;37
"JA095";"Guarroman";"N";38;11;16;"W";3;41;12
"JA096";"Gútar";"N";38;12;28;"W";2;58;34
"JA097";"Haza Alta";"N";38;21;16;"W";2;53;30
"JA098";"Hermita Nueva";"N";37;24;23;"W";3;52;20
"JA099";"Herrera";"N";38;8;12;"W";3;10;51
"JA100";"Higuera de Arjona";"N";37;58;25;"W";3;59;19
"JA101";"Higuera de Calatrava";"N";37;48;7;"W";4;9;33
"JA102";"Hinojares";"N";37;43;2;"W";2;59;50
"JA103";"Hornos de Peal";"N";37;53;20;"W";3;11;21
"JA104";"Hornos de Peal";"N";38;13;8;"W";2;42;57
"JA105";"Hortichuela";"N";37;26;14;"W";3;58;49
"JA106";"Huelma";"N";37;39;4;"W";3;27;30
"JA107";"Huesa";"N";37;45;59;"W";3;4;34
"JA108";"Ibros";"N";38;1;27;"W";3;30;11
"JA109";"Isabela";"N";38;14;35;"W";3;34;43
"JA110";"Iznatoraf";"N";38;9;32;"W";3;1;39
"JA111";"Jabalcuz";"N";37;44;29;"W";3;48;58
"JA112";"Jabalquinto";"N";38;1;8;"W";3;43;34
"JA113";"Jaen";"N";37;46;22;"W";3;47;13
"JA114";"Jamilena";"N";37;45;4;"W";3;54;37
"JA115";"Jimena";"N";37;50;11;"W";3;28;2
"JA116";"Jódar";"N";37;50;34;"W";3;21;8
"JA117";"La Aliseda";"N";38;20;20;"W";3;34;9
"JA118";"La Carolina";"N";38;16;22;"W";3;37;3
"JA119";"La Carrasca";"N";37;38;48;"W";3;59;2
"JA120";"La Centenera";"N";38;7;2;"W";4;8;23
"JA121";"La Cerradura";"N";37;41;54;"W";3;38;19
"JA122";"La Condesa";"N";38;5;55;"W";3;53;35
"JA123";"La Fresnedilla";"N";38;3;46;"W";2;56;13
"JA124";"La Garganta";"N";38;13;16;"W";2;40;6
"JA125";"La Guardia de Jaen";"N";37;44;42;"W";3;41;35
"JA126";"La Iruela";"N";37;55;18;"W";2;59;41
"JA127";"La Mesa";"N";38;12;45;"W";3;37;35
"JA128";"La Pedriza";"N";37;24;50;"W";3;57;15
"JA129";"La Porrosa";"N";38;18;56;"W";2;57;37
"JA130";"La Puerta de Segura";"N";38;21;2;"W";2;44;15
"JA131";"La Quintería";"N";38;1;12;"W";3;57;1
"JA132";"La Rábita";"N";37;30;23;"W";4;3;9
"JA133";"La Ropera";"N";38;3;20;"W";4;6;12
"JA134";"La Yedra";"N";38;2;0;"W";3;26;56
"JA135";"Larva";"N";37;45;39;"W";3;12;6
"JA136";"Las Almansas";"N";37;59;24;"W";3;1;41
"JA137";"Las Casillas";"N";37;38;35;"W";3;59;55
"JA138";"Las Correderas";"N";38;22;28;"W";3;30;14
"JA139";"Las Gorgollitas";"N";38;13;45;"W";2;32;3
"JA140";"Las Infantas";"N";37;55;8;"W";3;46;51
"JA141";"Lendinez";"N";37;45;59;"W";4;7;16
"JA142";"Lendínez";"N";37;45;58;"W";4;7;19
"JA143";"Linares";"N";38;5;46;"W";3;38;6
"JA144";"Llano de la Mata";"N";38;12;53;"W";3;9;24
"JA145";"Lopera";"N";37;56;48;"W";4;12;49
"JA146";"Los Escoriales";"N";38;10;57;"W";3;55;41
"JA147";"Los Goldines";"N";38;9;2;"W";2;44;42
"JA148";"Los Llanos del Sotillo";"N";38;2;18;"W";4;5;19
"JA149";"Los Mochuelos";"N";38;21;5;"W";3;35;0
"JA150";"Los Pascuales";"N";38;23;8;"W";2;49;19
"JA151";"Los Rios";"N";38;11;49;"W";3;40;14
"JA152";"Los Villares";"N";37;41;28;"W";3;49;4
"JA153";"Los Villares de Andujar";"N";38;1;39;"W";3;58;39
"JA154";"Lugar Nuevo";"N";38;9;23;"W";4;3;3
"JA155";"Lupión";"N";37;59;57;"W";3;32;46
"JA156";"Mancha Real";"N";37;47;26;"W";3;36;33
"JA157";"Marchena";"N";38;11;11;"W";2;30;8
"JA158";"Marchonita";"N";38;10;48;"W";2;28;59
"JA159";"Marmolejo";"N";38;3;0;"W";4;10;16
"JA160";"Martin Malo";"N";38;11;34;"W";3;39;4
"JA161";"Martos";"N";37;43;37;"W";3;57;54
"JA162";"Mengíbar";"N";37;58;15;"W";3;48;10
"JA163";"Miller";"N";38;13;12;"W";2;28;55
"JA164";"Miraelrio";"N";38;5;43;"W";3;31;54
"JA165";"Miranda del Rey";"N";38;21;39;"W";3;34;39
"JA166";"Mogón";"N";38;4;36;"W";3;2;2
"JA167";"Monte López Álvarez";"N";37;42;20;"W";4;6;44
"JA168";"Montizón";"N";38;20;34;"W";3;6;7
"JA169";"Mures";"N";37;25;39;"W";3;49;18
"JA170";"Nava de San Pedro";"N";37;53;6;"W";2;52;57
"JA171";"Navas de San Juan";"N";38;11;11;"W";3;18;55
"JA172";"Navas de Tolosa";"N";38;17;16;"W";3;35;19
"JA173";"Noalejo";"N";37;31;46;"W";3;39;11
"JA174";"Noguerones";"N";37;39;28;"W";4;9;37
"JA175";"Onsares";"N";38;27;54;"W";2;36;2
"JA176";"Orcera";"N";38;19;12;"W";2;39;48
"JA177";"Otíñar";"N";37;41;32;"W";3;46;11
"JA178";"Parolis";"N";38;16;42;"W";2;26;16
"JA179";"Peal de Becerro";"N";37;54;59;"W";3;7;18
"JA180";"Pegalajar";"N";37;44;32;"W";3;38;44
"JA181";"Peguera del Madroño";"N";38;14;17;"W";2;30;42
"JA182";"Peñolite";"N";38;19;27;"W";2;47;58
"JA183";"Pontones";"N";38;7;16;"W";2;40;9
"JA184";"Porcuna";"N";37;52;23;"W";4;10;51
"JA185";"Posadas Ricas";"N";37;57;28;"W";3;36;20
"JA186";"Pozo Alcón";"N";37;42;27;"W";2;56;2
"JA187";"Pozo de la Sartén";"N";37;41;58;"W";4;8;46
"JA188";"Puente de Génave";"N";38;21;25;"W";2;48;18
"JA189";"Puente del Obispo";"N";37;57;5;"W";3;32;24
"JA190";"Puerto Alto";"N";37;41;21;"W";3;42;24
"JA191";"Quesada";"N";37;50;36;"W";3;4;0
"JA192";"Ribera Alta";"N";37;27;58;"W";3;50;16
"JA193";"Rus";"N";38;2;59;"W";3;27;42
"JA194";"Sabariego";"N";37;31;45;"W";4;2;42
"JA195";"Sabiote";"N";38;4;15;"W";3;18;38
"JA196";"San José";"N";37;29;41;"W";4;3;6
"JA197";"San Miguel";"N";37;56;59;"W";3;14;24
"JA198";"San Vicente de las Grajeras";"N";37;29;54;"W";4;59;0
"JA199";"Santa Ana";"N";37;27;52;"W";3;53;26
"JA200";"Santa Elena";"N";38;20;26;"W";3;32;10
"JA201";"Santa Eulalia";"N";38;4;3;"W";3;22;59
"JA202";"Santiago";"N";37;56;20;"W";4;8;6
"JA203";"Santiago";"N";37;56;20;"W";4;8;10
"JA204";"Santiago de Calatrava";"N";37;45;24;"W";4;10;10
"JA205";"Santiago de la Espada";"N";38;6;48;"W";2;33;5
"JA206";"Santisteban del Puerto";"N";38;14;58;"W";3;12;24
"JA207";"Santo Tomé";"N";38;1;44;"W";3;6;7
"JA208";"Segura de la Sierra";"N";38;17;54;"W";2;39;1
"JA209";"Sevilleja";"N";38;2;46;"W";3;50;32
"JA210";"Siles";"N";38;23;15;"W";2;34;57
"JA211";"Solana de Torralba";"N";37;59;24;"W";3;10;17
"JA212";"Solera";"N";37;41;43;"W";3;22;4
"JA213";"Sorihuela del Guadalimar";"N";38;14;33;"W";3;3;9
"JA214";"Sotogordo";"N";37;57;27;"W";3;34;11
"JA215";"Tiscar";"N";37;46;24;"W";3;1;7
"JA216";"Tobaruela";"N";38;4;12;"W";3;40;25
"JA217";"Torre de Cuadros";"N";37;47;25;"W";3;24;22
"JA218";"Torre del Campo";"N";37;46;18;"W";3;53;41
"JA219";"Torre del Obispo";"N";38;4;41;"W";3;27;8
"JA220";"Torre del Vinagre";"N";38;39;0;"W";2;52;41
"JA221";"Torreblasco Pedro";"N";37;59;51;"W";3;38;15
"JA222";"Torredonjimeno";"N";37;46;15;"W";3;57;30
"JA223";"Torreperogil";"N";38;2;2;"W";3;17;11
"JA224";"Torrequebradilla";"N";37;54;49;"W";3;39;38
"JA225";"Torres";"N";37;47;14;"W";3;30;31
"JA226";"Torres de Albánchez";"N";38;25;0;"W";2;40;39
"JA227";"Torrubia";"N";38;1;25;"W";3;39;51
"JA228";"Toya";"N";37;52;40;"W";3;9;16
"JA229";"Tranco";"N";38;10;41;"W";2;47;38
"JA230";"Úbeda";"N";38;51;0;"W";3;22;6
"JA231";"Vadillo Castril";"N";37;55;23;"W";2;55;47
"JA232";"Vado de Torralba";"N";37;56;40;"W";3;38;28
"JA233";"Valdecazorla";"N";37;58;22;"W";3;9;19
"JA234";"Valdemarín";"N";38;18;59;"W";2;43;34
"JA235";"Valdepeñas de Jaen";"N";37;35;33;"W";3;48;52
"JA236";"Vegas de Triana";"N";38;1;8;"W";4;3;24
"JA237";"Venta de los Santos";"N";38;21;46;"W";3;4;14
"JA238";"Ventas del Carrizal";"N";37;32;39;"W";3;59;38
"JA239";"Ventosilla";"N";37;54;50;"W";3;49;37
"JA240";"Veracruz";"N";38;1;40;"W";3;8;51
"JA241";"Vilches";"N";38;12;36;"W";3;30;46
"JA242";"Villacarrillo";"N";38;6;59;"W";3;5;9
"JA243";"Villagordo";"N";37;56;34;"W";3;43;40
"JA244";"Villalobos";"N";37;24;39;"W";3;54;43
"JA245";"Villanueva de la Reina";"N";38;27;0;"W";3;54;58
"JA246";"Villanueva del Arzobispo";"N";38;10;24;"W";3;16;0
"JA247";"Villardompardo";"N";37;50;22;"W";4;5;0
"JA248";"Villarodrigo";"N";38;29;16;"W";2;38;8
"JA249";"Vites";"N";38;10;16;"W";2;28;24
"JA250";"Zocueca";"N";38;5;37;"W";3;50;6
"MA001";"Alameda";"N";37;12;40;"W";4;39;24
"MA002";"Alcaucín";"N";36;54;15;"W";4;6;41
"MA003";"Alfarnate";"N";36;59;48;"W";4;15;34
"MA004";"Alfarnatejo";"N";36;58;52;"W";4;16;21
"MA005";"Algarrobo";"N";36;46;29;"W";4;2;20
"MA006";"Algatocín";"N";36;34;33;"W";5;16;27
"MA007";"Alhaurín de la Torre";"N";36;39;54;"W";4;33;48
"MA008";"Alhaurín el Grande";"N";36;38;44;"W";4;41;13
"MA009";"Aljaima";"N";36;44;15;"W";4;39;46
"MA010";"Almargen";"N";37;23;0;"W";5;1;30
"MA011";"Almayate Bajo";"N";36;44;18;"W";4;7;30
"MA012";"Almogia";"N";36;49;36;"W";4;32;22
"MA013";"Álora";"N";36;49;37;"W";4;42;8
"MA014";"Alozaina";"N";36;43;46;"W";4;51;21
"MA015";"Alpandeire";"N";36;38;8;"W";5;12;0
"MA016";"Alquiería";"N";36;41;28;"W";4;36;30
"MA017";"Ampliación de Cártama";"N";36;42;22;"W";4;38;47
"MA018";"Antequera";"N";37;1;15;"W";4;33;33
"MA019";"Archez";"N";36;50;23;"W";3;59;22
"MA020";"Archidona";"N";37;6;1;"W";4;23;31
"MA021";"Ardales";"N";36;52;49;"W";4;50;40
"MA022";"Arenas";"N";36;49;2;"W";4;2;34
"MA023";"Arriate";"N";36;48;5;"W";5;8;21
"MA024";"Arroyo Ancón";"N";36;49;55;"W";4;41;13
"MA025";"Arroyo de la Miel";"N";36;36;6;"W";4;32;0
"MA026";"Atajate";"N";36;38;31;"W";5;14;39
"MA027";"Benadalid";"N";36;36;34;"W";5;15;45
"MA028";"Benagalbón";"N";36;44;23;"W";4;14;41
"MA029";"Benahavís";"N";36;31;33;"W";5;2;42
"MA030";"Benajarafe";"N";36;43;15;"W";4;12;1
"MA031";"Benalauría";"N";36;35;49;"W";5;15;32
"MA032";"Benalmádena";"N";36;35;48;"W";4;34;1
"MA033";"Benamargosa";"N";36;50;13;"W";4;11;37
"MA034";"Benamocarra";"N";36;47;38;"W";4;9;35
"MA035";"Benaoján";"N";36;43;17;"W";5;15;6
"MA036";"Benarrabá";"N";36;33;14;"W";5;16;25
"MA037";"Bobadilla";"N";37;2;34;"W";4;41;46
"MA038";"Cajíz";"N";36;45;37;"W";4;11;24
"MA039";"Calahonda";"N";36;29;58;"W";4;42;59
"MA040";"Camino Real";"N";36;52;20;"W";4;27;33
"MA041";"Campanillas";"N";36;43;36;"W";4;32;21
"MA042";"Campillos";"N";37;3;8;"W";4;51;50
"MA043";"Cancelada";"N";36;28;14;"W";5;2;49
"MA044";"Canillas de Aceituno";"N";36;52;29;"W";4;4;55
"MA045";"Canillas de Albaida";"N";36;50;50;"W";3;59;10
"MA046";"Cañete la Real";"N";36;57;17;"W";5;1;23
"MA047";"Carbajal";"N";36;34;34;"W";4;35;13
"MA048";"Carratraca";"N";36;51;24;"W";4;49;10
"MA049";"Cartajima";"N";36;38;53;"W";5;9;5
"MA050";"Cártama";"N";36;42;50;"W";4;37;56
"MA051";"Cartaojal";"N";37;6;51;"W";4;30;48
"MA052";"Casabermeja";"N";36;53;47;"W";4;25;44
"MA053";"Casablanquilla";"N";36;50;35;"W";4;40;55
"MA054";"Casapalma";"N";36;43;19;"W";4;41;48
"MA055";"Casarabonela";"N";36;47;21;"W";4;50;20
"MA056";"Casares";"N";36;26;42;"W";5;16;15
"MA057";"Casarrabonela";"N";36;47;21;"W";4;50;23
"MA058";"Cerrada de Calderón";"N";36;44;24;"W";4;21;29
"MA059";"Cerralba";"N";36;44;47;"W";4;43;31
"MA060";"Chilches";"N";36;43;42;"W";4;13;26
"MA061";"Churriana";"N";36;40;22;"W";4;30;16
"MA062";"Coín";"N";36;39;43;"W";4;45;20
"MA063";"Colmenar";"N";36;54;25;"W";4;20;7
"MA064";"Comares";"N";36;50;59;"W";4;15;5
"MA065";"Cómpeta";"N";36;50;0;"W";3;58;21
"MA066";"Cortes de la Frontera";"N";36;37;9;"W";5;20;23
"MA067";"Cortijo Pacheco";"N";36;52;50;"W";4;32;10
"MA068";"Corumbela";"N";36;49;21;"W";4;11;0
"MA069";"Cuevas Bajas";"N";37;14;10;"W";4;29;7
"MA070";"Cuevas de San Marcos";"N";37;16;12;"W";4;24;49
"MA071";"Cuevas del Becerro";"N";36;52;30;"W";5;2;45
"MA072";"Cútar";"N";36;49;54;"W";4;13;43
"MA073";"Daimalos";"N";36;49;17;"W";4;1;45
"MA074";"Doña Ana";"N";36;43;7;"W";4;35;30
"MA075";"El Borge";"N";36;48;58;"W";4;14;10
"MA076";"El Burgo";"N";36;47;32;"W";4;56;44
"MA077";"El Chaparral";"N";36;30;56;"W";4;39;48
"MA078";"El Chorro";"N";36;54;41;"W";4;45;32
"MA079";"El Colmenar";"N";36;32;37;"W";5;23;3
"MA080";"El Faro";"N";36;30;57;"W";4;38;22
"MA081";"El Morche";"N";36;44;24;"W";3;59;3
"MA082";"Elviria";"N";36;29;35;"W";4;45;59
"MA083";"Estación de Cártama";"N";36;44;30;"W";4;36;26
"MA084";"Estepona";"N";36;25;52;"W";5;8;46
"MA085";"Faraján";"N";36;37;8;"W";5;11;16
"MA086";"Frigiliana";"N";36;47;27;"W";3;53;42
"MA087";"Fuengirola";"N";36;32;41;"W";4;37;17
"MA088";"Fuente de Piedra";"N";37;8;9;"W";4;43;46
"MA089";"Gaucín";"N";36;31;8;"W";5;19;1
"MA090";"Genalguacil";"N";36;32;46;"W";5;14;4
"MA091";"Gibragalía";"N";36;44;59;"W";4;45;56
"MA092";"Guadalmar";"N";36;40;4;"W";4;27;35
"MA093";"Guaro";"N";36;39;35;"W";4;49;58
"MA094";"Huertas";"N";37;5;1;"W";4;26;44
"MA095";"Huertas de Río";"N";37;5;2;"W";4;26;49
"MA096";"Huit";"N";36;44;41;"W";3;59;49
"MA097";"Humilladero";"N";37;6;46;"W";4;42;19
"MA098";"Igualeja";"N";36;38;2;"W";5;7;9
"MA099";"Istán";"N";36;35;5;"W";4;57;0
"MA100";"Iznate";"N";36;46;38;"W";4;11;4
"MA101";"Jimera de Líbar";"N";36;39;10;"W";5;16;25
"MA102";"Jubrique";"N";36;33;58;"W";5;12;46
"MA103";"Júzcar";"N";36;37;35;"W";5;10;4
"MA104";"La Atalaya";"N";36;55;43;"W";5;5;9
"MA105";"La Atalaya";"N";37;12;1;"W";4;27;21
"MA106";"La Cala";"N";36;30;24;"W";4;40;9
"MA107";"La Cala del Moral";"N";36;43;5;"W";4;18;44
"MA108";"La Caleta";"N";36;44;59;"W";4;3;12
"MA109";"La Chullera";"N";36;18;59;"W";5;14;57
"MA110";"La Duquesa";"N";36;21;10;"W";5;14;5
"MA111";"La Esperanza";"N";36;45;3;"W";4;32;11
"MA112";"La Joya";"N";36;56;4;"W";4;37;23
"MA113";"La Parrilla";"N";37;13;3;"W";4;23;11
"MA114";"La Sauceda";"N";36;31;46;"W";5;34;59
"MA115";"La Torrecilla";"N";36;44;42;"W";3;53;4
"MA116";"La Zubía";"N";36;51;25;"W";4;13;8
"MA117";"Lagos";"N";36;44;52;"W";4;1;3
"MA118";"Las Mellizas Estación";"N";36;52;49;"W";4;43;19
"MA119";"Las Molineras";"N";36;46;2;"W";4;35;35
"MA120";"Las Ventas";"N";36;53;52;"W";4;8;15
"MA121";"Los Carvajales";"N";37;10;37;"W";4;41;45
"MA122";"Los Llanos de Antequera";"N";37;4;45;"W";4;34;48
"MA123";"Los Romanes";"N";36;52;13;"W";4;11;24
"MA124";"Los Villalones";"N";36;51;34;"W";5;15;52
"MA125";"Macharaviaya";"N";36;45;54;"W";4;12;43
"MA126";"Málaga";"N";36;43;1;"W";4;25;45
"MA127";"Manilva";"N";36;22;45;"W";5;14;56
"MA128";"Marbella";"N";36;30;52;"W";4;53;14
"MA129";"Maro";"N";36;45;29;"W";3;50;36
"MA130";"Martagina";"N";36;20;26;"W";5;14;19
"MA131";"Mijas";"N";36;35;49;"W";4;38;34
"MA132";"Moclinejo";"N";36;46;25;"W";4;15;15
"MA133";"Mollina";"N";37;7;32;"W";4;39;33
"MA134";"Monda";"N";36;37;55;"W";4;49;51
"MA135";"Mondrón";"N";36;56;30;"W";4;13;38
"MA136";"Montecorto";"N";36;49;3;"W";5;17;47
"MA137";"Montejaque";"N";36;44;18;"W";5;14;56
"MA138";"Navahermosa";"N";37;9;19;"W";4;50;36
"MA139";"Nerja";"N";36;45;12;"W";3;52;31
"MA140";"Nueva Andalucía";"N";36;30;11;"W";4;58;29
"MA141";"Ojén";"N";36;34;3;"W";4;51;18
"MA142";"Olías";"N";36;46;23;"W";4;19;9
"MA143";"Parauta";"N";36;39;33;"W";5;7;41
"MA144";"Parchite";"N";36;48;45;"W";5;6;9
"MA145";"Periana";"N";36;55;51;"W";4;11;23
"MA146";"Pizarra";"N";36;46;22;"W";4;42;24
"MA147";"Portugalejo";"N";36;50;56;"W";4;7;36
"MA148";"Puente de Don Manuel";"N";36;53;13;"W";4;8;35
"MA149";"Puerto Sol";"N";36;45;40;"W";4;30;6
"MA150";"Pujerra";"N";36;36;56;"W";5;8;56
"MA151";"Rincón de la Victoria";"N";36;43;7;"W";4;17;15
"MA152";"Río de la Miel";"N";36;47;17;"W";3;47;17
"MA153";"Riogordo";"N";36;55;5;"W";4;17;27
"MA154";"Romeral";"N";36;41;26;"W";4;34;1
"MA155";"Ronda";"N";36;44;54;"W";5;9;32
"MA156";"Salares";"N";36;51;24;"W";4;1;25
"MA157";"Salto del Negro";"N";36;50;46;"W";4;12;38
"MA158";"San Luis de Sabanillas";"N";36;22;12;"W";5;13;35
"MA159";"San Pedro de Alcántara";"N";36;29;12;"W";4;59;18
"MA160";"Santa Rosa";"N";36;43;59;"W";3;58;13
"MA161";"Santa Rosalía";"N";36;44;2;"W";4;34;9
"MA162";"Sayalonga";"N";36;47;58;"W";4;52;0
"MA163";"Sedella";"N";36;51;52;"W";4;1;59
"MA164";"Sierra de Yeguas";"N";37;7;32;"W";4;52;4
"MA165";"Teba";"N";36;59;8;"W";4;55;7
"MA166";"Tolox";"N";36;41;14;"W";4;54;11
"MA167";"Torre de Benagalbón";"N";36;42;50;"W";4;15;0
"MA168";"Torre de Calahonda";"N";36;29;34;"W";4;42;30
"MA169";"Torre del Jaral";"N";36;43;40;"W";4;8;56
"MA170";"Torre del Mar";"N";36;44;39;"W";4;5;34
"MA171";"Torrealquería";"N";36;41;28;"W";4;35;35
"MA172";"Torreblanca del Sol";"N";36;34;24;"W";4;36;46
"MA173";"Torremolinos";"N";36;37;18;"W";4;29;59
"MA174";"Torremuelle";"N";36;35;1;"W";4;34;18
"MA175";"Torrox";"N";36;45;32;"W";3;57;8
"MA176";"Totalán";"N";36;46;5;"W";4;17;48
"MA177";"Trapiche";"N";36;48;40;"W";4;7;26
"MA178";"Triana";"N";36;49;16;"W";4;9;58
"MA179";"Valdés";"N";36;45;46;"W";4;14;36
"MA180";"Valle de Abdalajís";"N";36;56;2;"W";4;40;58
"MA181";"Valtocado";"N";36;36;18;"W";4;41;28
"MA182";"Vega de Santa María";"N";36;47;57;"W";4;42;20
"MA183";"Vega Malilla";"N";36;48;47;"W";4;42;10
"MA184";"Vélez Málaga";"N";36;47;5;"W";4;6;17
"MA185";"Venta del Jaro";"N";36;50;14;"W";3;54;46
"MA186";"Verdiales";"N";36;47;15;"W";4;26;32
"MA187";"Villafranco de Guadalhorce";"N";36;42;19;"W";4;42;11
"MA188";"Villalón";"N";36;45;36;"W";4;40;44
"MA189";"Villanueva de Algaidas";"N";37;11;19;"W";4;27;8
"MA190";"Villanueva de Cauche";"N";36;57;16;"W";4;26;25
"MA191";"Villanueva de la Concepción";"N";36;56;5;"W";4;31;43
"MA192";"Villanueva de Tapia";"N";37;11;0;"W";4;20;11
"MA193";"Villanueva del Rosario";"N";37;1;0;"W";4;21;49
"MA194";"Villanueva del Trabuco";"N";37;2;1;"W";4;20;15
"MA195";"Viñuela";"N";36;51;53;"W";4;8;24
"MA196";"Yunquera";"N";36;44;9;"W";4;55;9
"MA197";"Zalea";"N";36;46;22;"W";4;45;4
"SE001";"Adriano";"N";37;11;55;"W";5;57;26
"SE002";"Aguadulce";"N";37;15;18;"W";4;59;26
"SE003";"Alanís";"N";38;2;20;"W";5;42;52
"SE004";"Albaida del Aljarafe";"N";37;25;43;"W";6;9;54
"SE005";"Alcalá de Guadaira";"N";37;20;27;"W";5;50;23
"SE006";"Alcalá del Río";"N";37;31;25;"W";5;58;41
"SE007";"Alcolea del Río";"N";37;36;59;"W";5;39;58
"SE008";"Alfonso Xiii";"N";37;10;2;"W";6;7;52
"SE009";"Algámitas";"N";37;55;0;"W";5;8;58
"SE010";"Almadén de la Plata";"N";37;52;31;"W";6;4;57
"SE011";"Almensilla";"N";37;18;39;"W";6;6;50
"SE012";"Arahal";"N";37;15;40;"W";5;32;46
"SE013";"Archidona";"N";37;42;55;"W";6;17;14
"SE014";"Arroyo de la Plata";"N";37;40;53;"W";6;15;23
"SE015";"Aznalcázar";"N";37;18;19;"W";6;15;3
"SE016";"Aznalcóllar";"N";37;31;17;"W";6;16;8
"SE017";"Badolatosa";"N";37;18;31;"W";4;40;16
"SE018";"Bellavista";"N";37;19;34;"W";5;57;58
"SE019";"Benacazón";"N";37;21;14;"W";6;11;51
"SE020";"Bolullos de la Mitación";"N";37;20;21;"W";6;8;10
"SE021";"Bormujos";"N";37;22;22;"W";6;4;18
"SE022";"Brenes";"N";37;33;2;"W";5;52;15
"SE023";"Buitrago";"N";37;29;6;"W";5;50;16
"SE024";"Burguillos";"N";37;35;6;"W";5;58;7
"SE025";"Camas";"N";37;24;5;"W";6;2;5
"SE026";"Cantillana";"N";37;36;41;"W";5;49;23
"SE027";"Cañada Rosal";"N";37;35;59;"W";5;12;39
"SE028";"Carmona";"N";37;28;19;"W";5;38;40
"SE029";"Carrión de los Céspedes";"N";37;22;8;"W";6;19;45
"SE030";"Casariche";"N";37;17;37;"W";4;45;33
"SE031";"Castilblanco de los Arroyos";"N";37;40;31;"W";5;59;9
"SE032";"Castilleja de Guzmán";"N";37;24;41;"W";6;3;18
"SE033";"Castilleja de la Cuesta";"N";37;23;22;"W";6;3;22
"SE034";"Castilleja del Campo";"N";37;23;6;"W";6;20;9
"SE035";"Cazalla de la Sierra";"N";37;56;4;"W";5;45;39
"SE036";"Cerro del Hierro";"N";37;57;39;"W";5;37;11
"SE037";"Cerro Perea";"N";37;35;34;"W";4;59;11
"SE038";"Charco Frío";"N";37;32;53;"W";6;22;16
"SE039";"Constantina";"N";37;52;22;"W";5;37;14
"SE040";"Corcoya";"N";37;16;19;"W";4;41;10
"SE041";"Coria del Río";"N";37;17;18;"W";6;3;18
"SE042";"Coripe";"N";36;58;26;"W";5;26;20
"SE043";"Cortijo Coscoja";"N";37;42;55;"W";5;24;40
"SE044";"Cortijo de la Trinidad";"N";37;35;59;"W";5;35;7
"SE045";"Cortijo de las Francas";"N";37;44;59;"W";5;31;19
"SE046";"Don Rodrigo";"N";37;14;2;"W";5;50;39
"SE047";"Dos Hermanas";"N";37;17;6;"W";5;55;35
"SE048";"Ecija";"N";37;32;36;"W";5;4;56
"SE049";"El Alamo";"N";37;38;8;"W";6;25;59
"SE050";"El Campillo";"N";37;32;47;"W";5;13;4
"SE051";"El Campillo";"N";37;33;16;"W";6;15;52
"SE052";"El Cañuelo";"N";37;39;46;"W";6;13;9
"SE053";"El Castillo de las Guardas";"N";37;41;36;"W";6;18;45
"SE054";"El Coronil";"N";37;5;2;"W";5;38;2
"SE055";"El Cuervo";"N";36;51;22;"W";6;2;20
"SE056";"El Galeón";"N";37;53;14;"W";5;47;43
"SE057";"El Garrobo";"N";37;37;33;"W";6;10;19
"SE058";"El Madroño";"N";37;38;55;"W";6;31;5
"SE059";"El Pedrosillo";"N";37;39;47;"W";6;20;14
"SE060";"El Pedroso";"N";37;50;30;"W";5;45;51
"SE061";"El Peralejo";"N";37;43;1;"W";6;24;40
"SE062";"El Pintado";"N";37;58;55;"W";5;57;26
"SE063";"El Priorato";"N";37;41;33;"W";5;26;17
"SE064";"El Real de la Jara";"N";37;57;2;"W";6;9;14
"SE065";"El Ronquillo";"N";37;43;37;"W";6;10;36
"SE066";"El Rubio";"N";37;21;16;"W";4;59;25
"SE067";"El Saucejo";"N";37;4;13;"W";5;5;48
"SE068";"El Torbiscal";"N";37;5;10;"W";5;51;18
"SE069";"El Trobal";"N";37;6;48;"W";5;56;59
"SE070";"El Viar";"N";37;34;27;"W";5;54;43
"SE071";"El Viso del Alcor";"N";37;23;26;"W";5;43;18
"SE072";"Escobar";"N";37;8;46;"W";6;6;42
"SE073";"Espartinas";"N";37;23;2;"W";6;7;30
"SE074";"Esquivel";"N";37;32;49;"W";5;56;44
"SE075";"Estepa";"N";37;17;30;"W";4;52;38
"SE076";"Fábrica del Pedroso";"N";37;51;38;"W";5;44;11
"SE077";"Fuentes de Andalucía";"N";37;27;57;"W";5;20;59
"SE078";"Gelves";"N";37;20;24;"W";6;1;47
"SE079";"Gerena";"N";37;31;57;"W";6;9;21
"SE080";"Gilena";"N";37;15;8;"W";4;54;56
"SE081";"Ginés";"N";37;23;20;"W";6;4;37
"SE082";"Guadajoz";"N";37;34;54;"W";5;40;3
"SE083";"Guadalcanal";"N";38;5;42;"W";5;49;4
"SE084";"Guadalema de los Quinteros";"N";37;3;26;"W";5;49;55
"SE085";"Guillena";"N";37;32;37;"W";6;3;19
"SE086";"Herrera";"N";37;21;50;"W";4;51;4
"SE087";"Huévar";"N";37;21;31;"W";6;16;38
"SE088";"Isla Redonda";"N";37;27;9;"W";4;53;26
"SE089";"Juan Antón";"N";37;39;29;"W";6;27;2
"SE090";"Juan Gallego";"N";37;39;52;"W";6;27;23
"SE091";"La Alcornocosa";"N";37;44;20;"W";6;17;27
"SE092";"La Algaba";"N";37;27;46;"W";6;48;0
"SE093";"La Aulaga";"N";37;41;8;"W";6;23;55
"SE094";"La Campana";"N";37;34;11;"W";5;25;44
"SE095";"La Compañía";"N";37;12;11;"W";6;4;42
"SE096";"La Corchuela";"N";37;15;15;"W";5;58;7
"SE097";"La Ganchosa";"N";37;55;25;"W";5;55;42
"SE098";"La Lantejuela";"N";37;21;18;"W";5;13;23
"SE099";"La Luisiana";"N";37;31;40;"W";5;15;4
"SE100";"La Mezquitilla";"N";37;4;2;"W";5;7;12
"SE101";"La Puebla de Cazalla";"N";37;13;26;"W";5;18;36
"SE102";"La Puebla de los Infantes";"N";37;46;52;"W";5;23;23
"SE103";"La Puebla del Río";"N";37;16;18;"W";6;3;56
"SE104";"La Rinconada";"N";37;29;24;"W";5;58;42
"SE105";"La Roda de Andalucía";"N";37;12;21;"W";4;46;44
"SE106";"La Salada";"N";37;17;51;"W";4;49;31
"SE107";"Las Cabezas de San Juan";"N";36;59;3;"W";5;56;15
"SE108";"Las Cortecillas";"N";37;44;18;"W";6;21;52
"SE109";"Las Monjas";"N";37;14;45;"W";5;30;53
"SE110";"Las Navas de la Concepción";"N";37;56;6;"W";5;27;55
"SE111";"Las Pajanosas";"N";37;34;56;"W";6;6;23
"SE112";"Lebrija";"N";37;55;27;"W";6;4;48
"SE113";"Lora de Estepa";"N";37;16;14;"W";4;49;27
"SE114";"Lora del Río";"N";37;39;31;"W";5;31;51
"SE115";"Los Chapatales";"N";37;9;7;"W";5;58;48
"SE116";"Los Corrales";"N";37;5;57;"W";4;58;51
"SE117";"Los Molares";"N";37;7;30;"W";5;43;5
"SE118";"Los Palacios Y Villafranca";"N";37;9;44;"W";5;55;42
"SE119";"Los Perenos";"N";37;14;17;"W";4;44;38
"SE120";"Los Perez";"N";37;12;19;"W";4;43;34
"SE121";"Los Rosales";"N";37;35;32;"W";5;43;43
"SE122";"Mairena del Alcor";"N";37;22;26;"W";5;44;59
"SE123";"Mairena del Aljarafe";"N";37;20;44;"W";6;3;49
"SE124";"Marchena";"N";37;19;42;"W";5;24;53
"SE125";"Maribáñez";"N";37;8;4;"W";5;53;34
"SE126";"Marinaleda";"N";37;22;21;"W";4;57;34
"SE127";"Martín de la Jara";"N";37;6;33;"W";4;57;42
"SE128";"Matarredonda";"N";37;22;42;"W";4;56;39
"SE129";"Minas del Castillo de las Gds.";"N";37;41;46;"W";6;22;2
"SE130";"Montellano";"N";36;59;46;"W";5;34;23
"SE131";"Montequinto";"N";37;20;20;"W";5;55;41
"SE132";"Morón de la Frontera";"N";37;7;34;"W";5;27;3
"SE133";"Navarredonda";"N";37;4;21;"W";5;4;49
"SE134";"Olivares";"N";37;25;8;"W";6;9;28
"SE135";"Osuna";"N";37;14;22;"W";5;6;30
"SE136";"Palmar de Troya";"N";37;3;53;"W";5;48;1
"SE137";"Palomares del Río";"N";37;19;36;"W";6;3;31
"SE138";"Paradas";"N";37;17;21;"W";5;29;50
"SE139";"Pedrera";"N";37;13;36;"W";4;53;48
"SE140";"Peroamigo";"N";37;44;9;"W";6;22;41
"SE141";"Pilas";"N";37;18;10;"W";6;17;59
"SE142";"Pinzón";"N";37;6;33;"W";6;54;0
"SE143";"Pruna";"N";36;58;27;"W";5;13;21
"SE144";"Puerto de la Encina";"N";37;8;32;"W";5;11;54
"SE145";"Puerto Serrano";"N";36;55;35;"W";5;32;41
"SE146";"Queipo de Llano";"N";37;5;38;"W";6;6;33
"SE147";"Rancho de Terrones";"N";37;6;39;"W";5;10;49
"SE148";"Riguelo";"N";37;16;11;"W";4;46;28
"SE149";"Sacramento";"N";37;1;59;"W";5;54;8
"SE150";"Salteras";"N";37;25;10;"W";6;6;33
"SE151";"San Ignacio del Viar";"N";37;32;47;"W";5;59;39
"SE152";"San José de la Rinconada";"N";37;28;59;"W";5;56;33
"SE153";"San Juan de Aznalfarache";"N";37;21;34;"W";6;2;9
"SE154";"San Leandro";"N";37;2;5;"W";5;59;33
"SE155";"San Nicolás del Puerto";"N";37;59;52;"W";5;39;9
"SE156";"Sanlúcar la Mayor";"N";37;23;11;"W";6;12;2
"SE157";"Santiponce";"N";37;26;18;"W";6;2;39
"SE158";"Setefilla";"N";37;42;6;"W";5;29;5
"SE159";"Sevilla";"N";37;23;27;"W";5;58;21
"SE160";"Tocina";"N";37;36;39;"W";5;44;11
"SE161";"Tomares";"N";37;22;36;"W";6;2;41
"SE162";"Torre de la Reina";"N";37;30;52;"W";6;1;13
"SE163";"Torreblanca de los Caños";"N";37;23;13;"W";5;53;52
"SE164";"Trajano";"N";37;4;18;"W";5;54;14
"SE165";"Umbrete";"N";37;22;10;"W";6;9;33
"SE166";"Valdeflores";"N";37;43;56;"W";6;20;59
"SE167";"Valencina de la Concepción";"N";37;25;11;"W";6;4;32
"SE168";"Vegas de Almenara";"N";37;42;34;"W";5;22;34
"SE169";"Venta el Alto";"N";37;39;33;"W";6;9;20
"SE170";"Venta Nueva";"N";36;58;20;"W";5;51;45
"SE171";"Vetaherrado";"N";37;2;47;"W";5;56;59
"SE172";"Villafranco del Guadalquivir";"N";37;7;57;"W";6;10;4
"SE173";"Villagordo";"N";37;39;39;"W";6;25;58
"SE174";"Villamanrique de la Condesa";"N";37;14;44;"W";6;18;22
"SE175";"Villanueva de San Juan";"N";37;3;6;"W";5;10;13
"SE176";"Villanueva del Ariscal";"N";37;23;52;"W";6;8;36
"SE177";"Villanueva del Rey";"N";37;31;43;"W";5;9;32
"SE178";"Villanueva del Río";"N";37;37;41;"W";5;41;27
"SE179";"Villanueva del Río Y Minas";"N";37;39;28;"W";5;43;4
"SE180";"Villar";"N";37;38;21;"W";5;3;28
"SE181";"Villaverde del Río";"N";37;35;30;"W";5;52;29
